episode,episode_reward
1,-0.6600005722045901
2,-1.076018826885865
3,0.5079995186829849
4,1.8261534164020443
5,-1.065915720462567
6,0.15999866485595682
7,-1.3100000000000003
8,-0.3029786440530879
9,0.934862851235136
10,-0.7714598540811359
11,1.1365080064423114
12,1.6947158753641043
13,0.11806711102450951
14,-1.3200005722045907
15,1.5987810066496868
16,1.2379737067751302
17,1.5503339917130519
18,-0.9413880678827864
19,-0.8631575030767815
20,0.8739370637970278
21,-0.6800005722045901
22,0.06387167893445311
23,0.34914207180167733
24,0.5962971077437882
25,1.054152936890208
26,0.30507407342462445
27,0.4182852772979322
28,2.1934138585958998
29,0.9362908335975635
30,1.0101326106538187
31,0.2040408075077791
32,1.841652807393918
33,0.7475970029332384
34,1.1170044569020265
35,-0.6925573963489666
36,1.0024931046009227
37,1.596401273135778
38,1.3733312135800362
39,-0.07000133514404337
40,1.4254442202348205
41,1.6852489544791458
42,0.3966519432710247
43,-2.419999046325684
44,-0.02277595855662315
45,1.9839741258535706
46,1.4552698664512604
47,-0.1762240647203952
48,0.8903373718424559
49,1.427604522957606
50,-2.239999523162841
51,1.2899976158142084
52,-0.49000047683715864
53,2.057145542019403
54,-1.3699999999999994
55,1.9088714469066819
56,0.9920992823216634
57,0.11999866485595678
58,0.10222022837277778
59,1.2820644194429294
60,0.23999828338622997
61,0.6832383112546192
62,-0.17981526577074367
63,0.13813197453840975
64,-0.4000013351440437
65,2.009997043609619
66,0.2885657757218505
67,0.36999809265136663
68,0.12411290199646574
69,0.4481744366936682
70,-0.08000114440917992
71,1.173120895800052
72,-3.230001335144046
73,0.024342601001067485
74,0.10641091554366566
75,-0.5506289739843477
76,2.3637910188635325
77,0.4539039233878903
78,1.5675399874705171
79,0.10999914169311499
80,-0.08131657764266165
81,1.6086823236122294
82,-3.7100004768371613
83,-0.8262345791144381
84,-0.7300005722045901
85,-2.250002384185794
86,-0.060001907348633754
87,1.825403857726803
88,1.1322306327708946
89,13.21999913573265
90,0.7499973297119131
91,1.239999046325683
92,-0.6300011444091804
93,2.0035369882282463
94,0.8847369500001954
95,0.9605971020355613
96,15.38999816417694
97,-5.7300017166137724
98,-6.189997425079347
99,-1.1300020980834982
100,1.848063941959922
101,1.6199967575073235
102,-3.850002479553226
103,1.5614071314976548
104,-2.2700030517578154
105,1.5958990474064603
106,1.4738718737507708
107,0.7899977111816401
108,-0.21009639493450982
109,1.5432769642128181
110,1.3599965190887435
111,0.7899979019165035
112,0.843395467165404
113,-1.370001907348635
114,0.08999866485595676
115,-0.6000020503997838
116,1.2271674526375325
117,1.06097516579384
118,0.628722187441649
119,14.599998563528061
120,-0.10335599719435762
121,14.19999799132347
122,0.10999914169311498
123,1.9732030397972211
124,1.9696564071126152
125,-0.4700009536743168
126,1.449997806549072
127,1.4969845363765235
128,1.15999713897705
129,-1.2100001907348636
130,-4.009999427795412
131,0.035670538867431434
132,-3.8000022888183627
133,1.3273217233467254
134,2.0602499900348197
135,-4.529997520446777
136,-2.300002765655521
137,-2.9300025749206577
138,1.3179674021323875
139,12.969996849894521
140,1.599996805191039
141,1.7589780568124957
142,0.3499958992004362
143,0.9191577468347689
144,-0.8497824129997336
145,12.719999520182608
146,1.529997425079345
147,3.089995517730711
148,-0.8100022888183613
149,-0.30000238418579434
150,0.8681534883889848
151,1.7684761307959636
152,-0.9672678913298687
153,1.5699974250793451
154,-3.6299984741210944
155,1.7699972343444819
156,0.8188608577977108
157,-4.399998283386232
158,1.209997091293333
159,0.42034374228163474
160,-1.3300000000000003
161,1.3464115673803017
162,13.600000089406967
163,13.679999898672104
164,0.10999914169311498
165,-0.14000133514404345
166,3.114280556839539
167,1.5657249516820895
168,-0.7581608045465484
169,13.27999988079071
170,1.5487045351090805
171,-0.049008705728202706
172,-0.030002098083497006
173,2.1243270845012905
174,1.3243740644736888
175,-3.5500005722045933
176,1.9399964237213108
177,1.7599972343444819
178,1.7199968051910393
179,-0.25000095367431574
180,1.1699976158142082
181,1.2399974727630594
182,1.813684076700427
183,0.04999847412109329
184,0.03999866485595675
185,1.339998807907104
186,0.9799965667724595
187,0.590826088807942
188,1.5335720962582124
189,-0.8568968460469752
190,2.219872086232489
191,-1.2100001907348636
192,-2.0659818382557216
193,3.829699474198725
194,-1.570002288818362
195,1.4899970436096182
196,-0.1794860480508957
197,3.799995326995849
198,0.8299977111816401
199,0.41798895142185916
200,2.221507875172342
201,2.799996995925903
202,1.049996232986447
203,13.57999930858612
204,2.7447262871482137
205,1.3599973773956293
206,1.9695825857920801
207,2.5399981403350824
208,-1.4200001907348638
209,0.1599991416931159
210,1.1944808355335266
211,11.479997612833973
212,9.399999499320982
213,1.6499971389770505
214,11.50999799132347
215,-1.2600001907348637
216,1.4466590496109726
217,0.06999866485595674
218,0.7988703393006686
219,0.2099989509582516
220,1.4022862534215303
221,0.24529630333244024
222,0.13782333096806923
223,-5.550003242492679
224,1.1719379926817965
225,1.0754329725137417
226,14.969998754262924
227,1.8125904153439731
228,-0.3000011444091801
229,2.3534724735925714
230,-0.6848242074659014
231,-5.149997615814209
232,-1.4100000000000004
233,-3.9000014305114776
234,0.09460898894237779
235,0.4899982833862302
236,0.6699998092651362
237,-1.5000035762786899
238,1.253677367454348
239,3.41978673023069
240,0.274008684364921
241,4.069994802474975
242,1.519925813348124
243,0.1499986648559568
244,-0.27000095367431665
245,0.03996151245847069
246,2.7299967575073234
247,1.6599258022808525
248,1.5099976158142085
249,2.309434439047733
250,0.1299986648559568
251,1.826457778406042
252,1.6612144788305987
253,0.34219846006069465
254,-0.3065070445679421
255,2.749997472763061
256,-0.01976175382884498
257,0.41144390712373236
258,0.5799967575073226
259,2.1250727557997386
260,1.9022058851180932
261,0.30463812905253085
262,0.5599980926513668
263,1.2229249910938635
264,1.7150577652766317
265,-0.27000095367431665
266,0.4899982833862302
267,2.87261184293651
268,2.2541216550266565
269,0.1499986648559568
270,-1.0390303926190811
271,2.399217302357572
272,2.155879845898583
273,1.5799974250793452
274,2.2599964714050285
275,0.1499986648559568
276,3.0899960899353025
277,-1.0400001907348635
278,0.1299986648559568
279,-0.2500004768371584
280,3.235077819677832
281,3.539997615814208
282,-0.6900005722045901
283,1.9399966621398916
284,2.669996471405029
285,1.129997520446777
286,0.1199986648559568
287,0.5483593540753084
288,0.8699983787536618
289,-0.7251001456785597
290,0.9476609678798058
291,1.2739516884604907
292,-0.04625493252005918
293,3.5623059681998495
294,-1.320002002716067
295,0.12999914169311588
296,1.9243183851472112
297,0.21999818801879784
298,-0.8500025749206574
299,1.2694493470100212
300,1.8026039583491926
301,0.9399975204467768
302,0.9299977111816402
303,-0.9200026702880882
304,1.1599976158142082
305,-0.9000035285949741
306,0.129999141693115
307,1.429997806549072
308,1.133914508221672
309,0.7199969482421862
310,0.5699980926513668
311,3.6699965667724603
312,0.5638434015584455
313,1.8772688833355262
314,4.07999599456787
315,0.11999866485595678
316,1.9089182876997384
317,3.4399965190887443
318,0.3999981880187953
319,1.6289077481534637
320,1.2816534315733366
321,0.1399986648559568
322,2.149996185302734
323,-1.1300001907348636
324,1.7459620515155192
325,0.9254238475610308
326,0.9453631438251582
327,2.2099978065490706
328,1.5275159464652377
329,0.879780558714204
330,1.9380021018343125
331,1.6847689176457983
332,3.148590558955952
333,1.8190163984003693
334,0.2847372921835247
335,1.2752001833878301
336,0.6891824342721213
337,1.336574150793355
338,-0.3300004768371585
339,3.0270047981536012
340,0.6828093318257147
341,1.6008625555248754
342,1.598682858951497
343,0.1299986648559568
344,0.1519463708159359
345,-0.584976847546576
346,3.4974044758192426
347,-0.27000095367431665
348,0.1299986648559568
349,4.259995946884155
350,1.8812899006835326
351,0.08999914169311496
352,2.3682613676756556
353,0.9407113543058339
354,1.8199974250793454
355,2.224942339367038
356,1.659996948242187
357,15.379998375773429
358,1.714039326666267
359,-0.3300009536743167
360,0.6999985694885251
361,1.1710541516591344
362,-0.7700007629394536
363,0.4499958992004361
364,11.879996924400327
365,1.9909245749386975
366,2.1519671720076294
367,1.6899972343444818
368,-2.309999237060547
369,-1.1899997138977045
370,13.919998185038565
371,-3.0199986648559576
372,11.23999759197235
373,13.739999135732651
374,15.049997609853744
375,16.799995607137678
376,1.4199963760375967
377,15.11999692440033
378,16.719996161460877
379,1.8839084667419843
380,15.019998182058334
381,0.5199986648559562
382,1.201147001688503
383,2.0899969482421863
384,2.4175845433602876
385,2.699997186660766
386,-0.29000047683715846
387,1.2960779228682648
388,3.6099957561492917
389,0.8099975204467766
390,0.5699655611987122
391,2.189997043609619
392,1.8599952316284152
393,2.719996471405029
394,0.22695394348608322
395,16.909995416402815
396,0.14326358296936162
397,-0.39000095367431675
398,0.15999866485595682
399,-1.110000381469727
400,-2.7000034332275424
401,1.8799967575073238
402,0.67999771118164
403,1.0239139172042235
404,-2.3977316840201026
405,0.6499971389770473
406,-0.9100005722045903
407,0.9199977111816402
408,-3.7000026226043734
409,0.2699980926513666
410,0.2539228129093598
411,0.19999847412109342
412,1.781260180985666
413,15.859997037649153
414,2.262358067731498
415,-0.11548866436249927
416,1.7013752396769313
417,0.4899987602233884
418,1.5341851970923037
419,14.899997419118879
420,1.0885147042505583
421,1.0867516952440837
422,17.389996560811994
423,1.6299971389770505
424,1.0499987125396724
425,0.6484102446871356
426,2.679996471405029
427,1.994653322781597
428,-1.0599997138977044
429,-0.4000017642974889
430,1.7399967575073236
431,-0.19000114440918003
432,2.5709232889110796
433,1.7143905919527989
434,1.7888388996288611
435,2.9390967176358007
436,-0.3518903946481682
437,2.446383592418094
438,0.2242192088323196
439,1.3899973297119137
440,14.729996924400327
441,1.3699973297119137
442,-0.8300007629394537
443,1.8299974250793454
444,2.3599968528747555
445,2.079997377395629
446,2.699996709823608
447,2.535207412261725
448,2.2778463454937405
449,-0.2500011444091801
450,0.9999977111816403
451,14.519996846914289
452,-0.3500004768371585
453,-1.4500018119812041
454,1.859997234344482
455,1.6776870235956889
456,0.3199989509582517
457,0.7699979019165035
458,2.0635640936700534
459,4.259996614456177
460,2.3799963760375973
461,1.545960373217598
462,2.209996566772461
463,3.3677635264802803
464,1.6499976158142087
465,1.4399971389770503
466,0.1499986648559568
467,3.9499959707260097
468,1.7303702776071257
469,0.149999141693115
470,1.6800872099208088
471,0.8699979019165036
472,0.5899980926513668
473,-0.6700005722045901
474,1.1899973297119135
475,0.10999938011169409
476,-0.050001907348633745
477,1.1130988372986708
478,0.6099997615814206
479,0.829997615814208
480,2.3670796830918905
481,0.1499986648559568
482,0.7030771344368143
483,1.4875265279146563
484,1.5099971389770503
485,3.1886275390331975
486,1.2893422782761355
487,2.0946859273875376
488,1.4404669686068345
489,1.622900702534924
490,-0.29000095367431666
491,1.9149014471118184
492,0.06999914169311494
493,3.168466904502165
494,0.9599977111816402
495,2.499996185302734
496,1.1599979972839352
497,1.9399991416931148
498,2.029427413202242
499,0.5399979496002183
500,2.056435133999237
501,2.189997043609619
502,0.1499986648559568
503,2.499996709823605
504,0.4499980926513667
505,0.6999980926513669
506,2.3482286110947195
507,1.9865673714399974
508,4.012882067540015
509,1.6231621963995038
510,1.7098429799987591
511,0.3199984741210935
512,4.074294656729581
513,1.6498263525228254
514,0.5899982833862303
515,0.1499986648559568
516,1.0073448698994472
517,1.3159982583530065
518,1.6302527372454974
519,1.9821912668687778
520,0.7599993324279781
521,13.299999129772186
522,13.479998757243155
523,3.0399963283538813
524,14.089999499320983
525,3.079996280670164
526,3.4499969005584705
527,0.6499987602233885
528,2.189997043609619
529,2.299996376037597
530,1.0025717879315161
531,0.5780167419826729
532,0.3243342243852674
533,2.5899973773956297
534,1.298889601724582
535,-1.2500017166137727
536,2.698774302312599
537,-0.25000095367431574
538,1.83408325303684
539,0.44999942779540913
540,14.999998182058334
541,2.999996089935302
542,1.6500065525658538
543,-1.3000009536743176
544,2.9999960422515857
545,4.419996757507324
546,15.739996829032897
547,0.7933067427024961
548,3.0199964714050282
549,2.6499963283538808
550,1.4199967575073225
551,3.2299961376190183
552,-0.11984882693764676
553,1.6758634955445517
554,-0.06000133514404338
555,14.889999138712882
556,2.0345108915800054
557,0.993940570107841
558,0.6095862692951151
559,0.09999866485595676
560,16.2599965429306
561,15.339997019767761
562,2.4744365326306372
563,2.7099963283538813
564,14.409998545646667
565,16.089996638298032
566,-0.29000047683715846
567,14.679998944997788
568,1.4999967575073216
569,0.129999141693115
570,-0.03325256839056112
571,-0.27000095367431665
572,-0.27000095367431665
573,1.778394310395041
574,16.189996942281724
575,0.31999532699584665
576,1.653861533982988
577,-0.25000095367431663
578,-1.0399997138977044
579,-0.2500004768371584
580,14.479999326467514
581,1.0106735073888424
582,1.6847411720728709
583,1.2711306712431085
584,-0.25000095367431663
585,2.8799962806701656
586,13.909998944997787
587,1.002717871459533
588,3.0599960899353023
589,1.709996948242187
590,1.6473436858346646
591,4.0399975681304925
592,-0.04749036399951499
593,0.33999899864196736
594,1.449997806549072
595,1.0706507786108226
596,1.9347287935060762
597,-0.25000095367431574
598,0.1499986648559568
599,17.169996370077133
600,0.1199986648559568
601,-0.00341617086712942
602,15.219998354911803
603,-1.0100007629394538
604,1.6157729739520952
605,0.129999141693115
606,3.0206565980793942
607,16.859996542930602
608,3.2747073593170093
609,1.3150294346417997
610,0.08085241936745446
611,-3.2000007629394567
612,2.9814696519742974
613,2.0431940185126303
614,1.5083432090672397
615,2.6173575073296114
616,2.2599968528747554
617,0.3599982833862301
618,2.6311612321959457
619,0.9037346370333155
620,2.3272597299334885
621,2.0585230792004015
622,14.629998754262925
623,2.2399961853027337
624,1.9608013539007874
625,-0.11000190734863373
626,0.1764687516210397
627,1.8599967575073237
628,16.829996942281724
629,0.8832236276416634
630,1.2188862851172864
631,1.2499988079071038
632,17.82999579787254
633,-0.49000076293945427
634,1.19999713897705
635,-0.09040326787612307
636,17.74999617934227
637,2.7599974250793453
638,-0.42000095367431767
639,-0.27000095367431665
640,0.119999141693115
641,3.52999771118164
642,15.769997994303703
643,2.191392086392978
644,1.179367267278795
645,-2.2500024795532263
646,0.4839177082095596
647,2.5899966621398924
648,3.0899960899353025
649,0.149999141693115
650,1.2427764894627031
651,0.09999866485595676
652,0.023831082665096703
653,1.6499978542327878
654,2.3681040239805626
655,-0.6400005722045901
656,0.6797237543533519
657,1.6299976158142087
658,2.6989668244022234
659,1.4499973297119138
660,14.219999326467514
661,1.2899973297119136
662,0.1499986648559568
663,1.9648298353090612
664,0.3999986648559535
665,2.07356651623501
666,1.3676635542696636
667,-0.040001335144043325
668,3.6633818460963146
669,0.21736689913729346
670,3.163206325560581
671,3.8073932056063815
672,18.85999522566795
673,0.1299986648559568
674,1.5285692343777886
675,2.1576709523911015
676,2.0937477417449686
677,0.06999866485595674
678,0.3391892818134834
679,2.959996376037597
680,1.6999979019165035
681,3.929996376037597
682,1.5399983787536615
683,0.8645574136276544
684,2.699996471405029
685,2.91071632303484
686,0.7384252961493047
687,14.419999117851257
688,2.201404282460741
689,15.64999799132347
690,16.929996638298036
691,0.4699992370605466
692,16.929996942281722
693,-0.25000095367431663
694,14.679998736381531
695,0.4099985218048084
696,1.837760913933451
697,-0.41000114440918023
698,1.1699982357025143
699,1.7994760819406013
700,0.046861873134394605
701,1.8356516227720943
702,3.2963574686257373
703,0.5495243795684728
704,17.549995970726012
705,1.9853269449390667
706,16.84999684691429
707,16.499996656179427
708,1.6199976158142086
709,2.023932581734833
710,2.25720800457321
711,1.186039948463289
712,14.67999913573265
713,1.759996948242187
714,0.767863258591893
715,0.149999141693115
716,1.1899972343444805
717,16.589996638298032
718,16.95999692440033
719,1.0887040664895515
720,15.929997609853745
721,2.678606033049905
722,0.0016545264256744296
723,-1.2000026702880893
724,16.87999665617943
725,-0.15000181198120438
726,-0.6000032424926793
727,1.0199977111816403
728,13.530000071525574
729,3.0799973297119134
730,3.3499963760375975
731,-0.800003051757816
732,4.119996471405028
733,16.579997037649154
734,1.0599976158142081
735,16.70999692440033
736,1.543183669869919
737,1.5203298694548544
738,0.7471551477208977
739,2.63134877409266
740,-0.29000047683715846
741,0.44960647589316327
742,2.246739783449914
743,0.9829708772078374
744,-3.65000038146973
745,1.6264628187705754
746,3.8594708988893567
747,-0.45000152587890707
748,2.659998188018798
749,-0.27000047683715844
750,2.4199964714050286
751,0.13999866485595683
752,2.1896354937014175
753,13.469997991323469
754,1.3899973297119137
755,0.029998474121093244
756,2.3999968528747555
757,1.6499988079071042
758,2.098436472080853
759,-0.2500004768371584
760,0.19999766349792125
761,4.36999680519104
762,2.039997234344482
763,13.509999690055846
764,-0.25000095367431663
765,0.019998474121093235
766,2.161057210297091
767,2.056326098515254
768,2.5499966621398924
769,-0.27000095367431665
770,-0.25000095367431663
771,12.789998557567595
772,3.7315261395585537
773,-0.2500004768371584
774,0.5626606241645764
775,0.6899982833862304
776,2.2793655903685166
777,0.1499986648559568
778,2.569996662139892
779,16.06999684691429
780,0.6599980926513669
781,-0.41000114440918023
782,0.17999828338622992
783,1.4013838460504633
784,-0.5200013351440437
785,13.57999701976776
786,0.1199986648559568
787,2.2999968528747554
788,1.6499974250793452
789,-3.100003290176394
790,14.609997782707214
791,0.2999984741210935
792,-3.5699984741210944
793,-0.4664526294209414
794,13.219998176097867
795,15.889996733665466
796,0.6946144610476193
797,14.849999138712883
798,1.3499968051910367
799,-0.25000095367431663
800,2.879997234344481
801,1.8061788978946833
802,13.40999930858612
803,3.9399962806701656
804,14.279999710917473
805,0.3599982833862301
806,1.3584302772895427
807,4.399996328353881
808,0.1499986648559568
809,15.379997800588606
810,14.619998182058334
811,-1.0900001907348635
812,2.489996662139892
813,2.354931163173104
814,0.149999141693115
815,2.942667142075112
816,2.5999964714050288
817,16.839996945261955
818,2.631917263471733
819,4.539996519088745
820,3.326080041087578
821,0.3322525139546033
822,2.1499965667724608
823,1.7999977111816385
824,0.7364392341269896
825,-0.6000030040741002
826,1.0014912748313534
827,-0.6500005722045901
828,-0.25000095367431663
829,3.1099960899353025
830,1.7027882105365806
831,0.129999141693115
832,-0.2900011444091801
833,14.949998566508294
834,0.35999914169311437
835,15.779995779991149
836,16.569996352195737
837,17.099996751546858
838,-0.44000133514404366
839,-1.147430557245922
840,0.8299983310699452
841,0.139999141693115
842,1.7833057122673235
843,1.7059010798031053
844,-5.600003337860111
845,1.2483098822937437
846,0.05999809265136646
847,1.409997806549072
848,-8.850003385543825
849,-8.450003051757815
850,-1.4000001907348638
851,15.069995991587637
852,0.1499986648559568
853,0.08999961853027318
854,0.1499986648559568
855,8.919997040629386
856,-0.3300004768371585
857,0.1499986648559568
858,0.5199977111816398
859,0.1499986648559568
860,14.899996542930602
861,1.6699981880187982
862,8.379999520182608
863,-0.06000133514404338
864,16.149995416402817
865,0.01999866485595671
866,1.62753533803754
867,-0.5600013351440437
868,2.0099965667724606
869,15.079996751546858
870,-0.2500004768371584
871,15.009998545646667
872,14.09999970793724
873,3.8199958038330073
874,16.86999675154686
875,16.21999780356884
876,2.999996089935302
877,2.9699962806701654
878,1.7796491948969382
879,16.979996352195737
880,-0.27000095367431665
881,0.149999141693115
882,15.149997210502624
883,15.109997782707214
884,0.1299986648559568
885,-0.7100005722045901
886,17.359996370077134
887,4.819994850158691
888,16.319997037649156
889,1.8533738306548946
890,2.1073673653768767
891,2.639996328353881
892,0.8883744299044212
893,0.7599981403350826
894,2.1658862887211874
895,2.799996471405029
896,3.3799983668327327
897,3.3480541238158783
898,2.299996662139892
899,2.899996519088744
900,1.4074661151418193
901,-2.0900006675720233
902,0.6799980926513669
903,17.389996560811998
904,-1.8800001907348642
905,1.7599985575675945
906,1.4783667749805505
907,-0.35000095367431666
908,14.189998545646667
909,3.329996137619018
910,0.7599979019165035
911,2.739996471405029
912,2.6599959945678706
913,-0.3041886259257051
914,0.6699982833862304
915,1.539996948242187
916,0.12999914169311588
917,2.481706372131994
918,1.1299978065490717
919,2.109997043609619
920,0.1499986648559568
921,0.08915364004618011
922,0.1499986648559568
923,0.7199979019165035
924,0.1499986648559568
925,0.8999978065490706
926,-0.25000095367431663
927,1.933976093972786
928,-0.40000081062317244
929,2.019996757507324
930,-1.4800023365020782
931,1.8314264343003623
932,-0.25000095367431663
933,2.4287084907007017
934,0.15053225799689374
935,1.0999966621398891
936,2.4936755790549223
937,1.6299971389770505
938,2.0986698958632566
939,0.15999866485595682
940,0.6699982833862304
941,1.7694825691236014
942,4.2013591824834755
943,4.321609823565028
944,-0.6000007629394535
945,3.199996280670165
946,15.469998566508293
947,18.059995398521423
948,-0.5100017166137706
949,-2.4404952373134097
950,2.699996042251586
951,4.132975911756557
952,15.919997800588607
953,1.6312664493627023
954,0.15999914169311502
955,16.07999703168869
956,16.159997422099114
957,0.4135037387237255
958,17.089996560811997
959,1.6725542276999386
960,-2.8000011444091832
961,1.4299973297119137
962,1.9103900345438007
963,15.869997228384017
964,1.404880661853669
965,-0.27000095367431665
966,1.6699973773956296
967,0.5630972408190293
968,-1.5500024318695098
969,16.54999599158764
970,0.921076338812638
971,-2.5500024318695096
972,-0.29000095367431666
973,-1.4600001907348636
974,0.8199983787536618
975,-5.800002288818362
976,-5.450003099441531
977,-3.900002622604373
978,17.069996373057364
979,-1.2000028133392366
980,-1.350003051757816
981,3.5616025179587623
982,0.11999866485595681
983,0.39999809265136665
984,16.449996846914292
985,4.26703698094567
986,-1.3200005722045907
987,-0.09673244577783618
988,-1.1600009536743174
989,14.15999970793724
990,1.549996948242187
991,3.250566466345808
992,1.3630785432304648
993,2.5599959945678705
994,0.6253336694473886
995,-1.0500001907348635
996,16.339997210502624
997,-0.2500014305114775
998,-0.25000095367431663
999,0.1499986648559568
1000,0.1499986648559568
1001,-0.25000095367431663
1002,-0.25000095367431663
1003,12.839999517202376
1004,-0.4800011444091803
1005,-0.25000095367431663
1006,1.8970254616705775
1007,-1.0700001907348635
1008,-0.25000095367431663
1009,0.1499986648559568
1010,0.14999938011169411
1011,-0.0400013351440433
1012,2.699996471405029
1013,1.9599967575073238
1014,-0.25000095367431663
1015,0.1499986648559568
1016,2.5099966621398924
1017,4.389996709823608
1018,0.149999141693115
1019,1.7955791066871358
1020,15.239998182058335
1021,-0.25000095367431663
1022,17.099996751546858
1023,0.1499986648559568
1024,13.919999898672105
1025,-0.5500009536743169
1026,3.0632996248447406
1027,1.001505216747471
1028,1.8433903948177657
1029,-1.3400000000000003
1030,2.2899966621398917
1031,1.392678254604636
1032,17.44999597072601
1033,14.13999913573265
1034,1.3299973297119136
1035,1.1038858493018606
1036,-0.27000095367431665
1037,0.6678324141994069
1038,1.0699977111816403
1039,0.26189945122194347
1040,-0.25000095367431663
1041,-0.3700009536743167
1042,-0.08000114440917992
1043,14.199999707937241
1044,12.319997991323469
1045,16.95999675154686
1046,0.8764341635417328
1047,1.8375553000291864
1048,0.15999866485595682
1049,-0.9100007629394538
1050,15.009998372793197
1051,1.5399832308010057
1052,0.9161292526053153
1053,1.3699978065490719
1054,1.6299971389770505
1055,1.0299988555908202
1056,15.349998372793198
1057,1.3615374160142173
1058,18.709995416402815
1059,16.279996829032896
1060,13.989999898672103
1061,0.09999866485595676
1062,17.899996161460876
1063,1.9307760884627636
1064,0.11999866485595678
1065,15.259997973442077
1066,1.7299975204467766
1067,0.8199979019165036
1068,0.570645441044245
1069,1.7699974250793453
1070,1.7436828719518673
1071,15.959997210502625
1072,1.7799967575073237
1073,16.36999723136425
1074,0.11999866485595678
1075,-0.27000047683715844
1076,17.759996563792228
1077,3.1699983310699458
1078,17.309996942281725
1079,1.9473317151353506
1080,4.19999566078186
1081,0.6299982833862303
1082,-0.33000114440918016
1083,1.3656482554949758
1084,1.220748200665549
1085,17.439996370077132
1086,17.699996161460877
1087,0.916744436715931
1088,1.6640653585411052
1089,4.949996852874755
1090,13.509998754262924
1091,-0.25000095367431663
1092,-0.27000047683715844
1093,0.03999866485595672
1094,17.869995970726013
1095,17.129996560811996
1096,3.4674666146832056
1097,2.7799959945678707
1098,16.239997210502626
1099,2.170783049694212
1100,15.309998563528062
1101,0.09999699592589982
1102,3.900934646784099
1103,1.2422868959581497
1104,13.859999898672104
1105,15.319996638298033
1106,2.0778851351037786
1107,0.9199984264373775
1108,3.2621572897774795
1109,16.999996656179427
1110,3.289996614456176
1111,1.8001523058484732
1112,0.7115581419411028
1113,1.4499971389770503
1114,14.759999138712883
1115,1.081956615962033
1116,15.70999799132347
1117,0.36040116412932366
1118,-0.9000030994415316
1119,1.3799973297119137
1120,-0.11000114440917995
1121,-0.4600009536743168
1122,3.769997758865356
1123,3.660501001366389
1124,1.3865716388082518
1125,1.0732016944164653
1126,1.4099973297119137
1127,16.27999722838402
1128,1.637754562276033
1129,17.599996370077132
1130,14.499999326467513
1131,1.8416986952005943
1132,0.149999141693115
1133,1.777443419305641
1134,3.9930752284191
1135,15.85999759197235
1136,2.6136692015551986
1137,14.299999329447745
1138,0.1499986648559568
1139,16.6799968290329
1140,1.538762725283078
1141,-0.29000095367431666
1142,17.819996563792227
1143,-0.27000095367431665
1144,2.4199963760375973
1145,2.3699961853027336
1146,3.061799505928286
1147,14.729999135732651
1148,0.9008940790670651
1149,3.1939894976493868
1150,0.6460330183816358
1151,0.6699982833862304
1152,3.9018880274556746
1153,-3.060000953674319
1154,0.69999771118164
1155,2.969997997283935
1156,16.019997994303704
1157,2.659996471405029
1158,1.4380566799117689
1159,1.1588144166889685
1160,0.29999771118163965
1161,3.845174317180429
1162,2.259996376037597
1163,1.1060622759546819
1164,14.18999952018261
1165,-0.29000095367431666
1166,1.989997758865356
1167,0.1499986648559568
1168,15.509998566508294
1169,15.48999816417694
1170,16.629995991587638
1171,1.519997186660766
1172,17.15999692440033
1173,0.24157613851895787
1174,0.0045266262658438805
1175,0.9877533160274934
1176,-1.8600012397766135
1177,2.759996471405029
1178,1.5096232595007844
1179,1.8779136498450737
1180,-0.5536977251789708
1181,1.0599975204467769
1182,16.779996829032896
1183,-0.3100009536743167
1184,14.819998944997787
1185,14.55999952018261
1186,1.70333518762277
1187,2.9899979496002196
1188,2.029997758865356
1189,-1.0500020027160675
1190,17.349996560811995
1191,15.109998372793198
1192,-0.27000095367431665
1193,0.8802972036404058
1194,-0.25000095367431663
1195,0.2742452333563701
1196,0.4899987602233884
1197,1.3656674579101409
1198,13.979999898672103
1199,1.0299977111816403
1200,16.679996650218964
1201,3.149996137619018
1202,2.4799978542327876
1203,1.216507974337171
1204,-0.870001716613771
1205,1.6499971389770505
1206,1.0681044964169746
1207,1.0146194085474278
1208,-0.27000095367431665
1209,-1.0900001907348635
1210,-2.9900019073486357
1211,-0.4100017166137706
1212,0.21763021511858696
1213,-0.25000095367431663
1214,-2.2699998092651374
1215,-0.25000095367431663
1216,18.009996373057366
1217,4.021415413656078
1218,-0.7000027656555209
1219,-0.8500030040741
1220,4.469995231628418
1221,2.739996471405029
1222,-1.5500025749206576
1223,-0.7682809254226673
1224,2.184669941266019
1225,18.39999560713768
1226,-0.10000114440917995
1227,1.671289593558471
1228,15.59999759197235
1229,17.659996161460874
1230,4.188322761413628
1231,17.649995970726014
1232,2.05126433505228
1233,1.6699971389770505
1234,2.739996471405029
1235,2.299996376037597
1236,1.3699978065490719
1237,14.43999913573265
1238,2.799996471405029
1239,3.5999954700469936
1240,1.445401418750981
1241,2.895926234993951
1242,-0.29000047683715846
1243,0.010416567036161117
1244,4.611759493733172
1245,3.8285901750439573
1246,1.8931392983950657
1247,4.399995803833004
1248,14.629997994303702
1249,0.9799274419198052
1250,3.6599985575675964
1251,2.699996471405029
1252,15.329997973442078
1253,16.429997040629388
1254,0.14739810616121551
1255,2.189997043609619
1256,2.032612042962237
1257,16.319995607137677
1258,16.10999701976776
1259,13.770000089406967
1260,1.899997472763061
1261,-0.27000095367431665
1262,-0.25000095367431663
1263,3.1799957084655754
1264,13.969999117851257
1265,0.5807992666636694
1266,15.09999684691429
1267,0.8099983787536618
1268,14.049999499320984
1269,1.599997949600219
1270,13.719999880790711
1271,0.73999771118164
1272,1.4999972343444816
1273,0.6699985694885251
1274,1.4199975681304928
1275,2.959997234344481
1276,0.5865112008529119
1277,2.009909603164769
1278,3.5354294583666346
1279,1.1668579621405946
1280,18.859995419383047
1281,0.1399986648559568
1282,3.5599969959259026
1283,1.443420835008922
1284,1.8265416426573
1285,0.7499968528747525
1286,0.5495743108928741
1287,1.6753593814927026
1288,1.1805111913542787
1289,-1.2616845362272153
1290,3.1399963283538814
1291,18.089995797872543
1292,0.15999914169311502
1293,0.8099979019165036
1294,15.479996659159658
1295,14.249998944997786
1296,-0.21000114440918005
1297,0.18424997723615477
1298,-1.5200008583068865
1299,0.26999847412109346
1300,3.8837923003864967
1301,0.3584891704577673
1302,1.7565400091091679
1303,3.760738106242361
1304,0.3480110095505704
1305,2.241926538802261
1306,2.3999966144561764
1307,1.7999951839446988
1308,16.02999579787254
1309,1.0999977111816404
1310,2.169997043609619
1311,14.109999707937241
1312,15.059997210502623
1313,14.369999710917472
1314,3.359997282028197
1315,15.019998545646667
1316,1.4914865946324543
1317,1.3139647728859942
1318,3.6352313270050853
1319,4.645723921648789
1320,3.719997472763061
1321,1.0099977111816403
1322,2.2955061025542682
1323,2.419996423721313
1324,17.419996751546858
1325,2.386229179501832
1326,0.1199986648559568
1327,2.270042785161057
1328,18.129996373057367
1329,16.179997228384018
1330,16.40999701976776
1331,16.419996829032897
1332,4.337001360725303
1333,2.038728645040252
1334,17.359996542930602
1335,3.889880061714794
1336,2.5899966621398924
1337,2.949996519088745
1338,13.189999701976776
1339,12.49999930858612
1340,3.4461351254641257
1341,1.8234500938146716
1342,2.9899968051910397
1343,-0.29000095367431666
1344,0.8699979019165036
1345,1.8599972820281976
1346,14.729999329447747
1347,4.287011163807173
1348,14.449999329447746
1349,2.3183952711850053
1350,2.309998092651367
1351,12.899998545646666
1352,4.291522632629609
1353,14.699998944997787
1354,3.911681323473961
1355,14.329999517202378
1356,2.529996662139892
1357,16.049997401237487
1358,16.689997037649153
1359,1.800360135752786
1360,1.1658833319569026
1361,1.0707465426876628
1362,14.149997040629385
1363,1.787252961348813
1364,16.54999722838402
1365,15.039998185038566
1366,1.7113624582900893
1367,0.7075212359808716
1368,0.09999866485595678
1369,1.459997806549072
1370,-0.4500032424926792
1371,-0.27000047683715844
1372,2.2999959945678676
1373,0.9099979019165036
1374,-0.20000076293945668
1375,2.519997663497924
1376,1.909097319810074
1377,12.579999135732649
1378,3.68999771118164
1379,1.8321703920702301
1380,3.7871173628907324
1381,14.329998939037322
1382,2.1688995794630417
1383,1.453692399766472
1384,1.3599985218048092
1385,2.48999713897705
1386,1.9999961376190152
1387,14.949998754262925
1388,14.989998754262924
1389,3.759336319242228
1390,0.48042746669881065
1391,2.1499963760375973
1392,2.489997377395629
1393,1.9134443435219248
1394,1.9614957770679933
1395,15.249997973442078
1396,1.4080907965655225
1397,15.549997401237487
1398,17.879996370077134
1399,16.29999741911888
1400,1.8944341207955038
1401,0.1399986648559568
1402,15.849998185038567
1403,16.249997609853743
1404,0.4899962806701627
1405,0.3299984741210935
1406,15.64999760389328
1407,2.7199979019165035
1408,3.7431305486195567
1409,4.06621993876687
1410,13.78999988079071
1411,2.6899960899353017
1412,1.6999995708465574
1413,2.439996280670165
1414,0.17579753157972244
1415,2.1599973297119135
1416,3.362232987621453
1417,1.2817765380632955
1418,2.3199968528747554
1419,1.3389577029330957
1420,-0.7100017642974882
1421,3.065175443403965
1422,2.985239197987397
1423,4.479996662139892
1424,2.5930243790813234
1425,4.3670529425594395
1426,1.8599990940093984
1427,1.4699973297119138
1428,1.7599978065490705
1429,0.5299985218048093
1430,1.0799977111816403
1431,3.519996423721313
1432,3.909996280670166
1433,1.580087258164351
1434,3.5999964714050288
1435,17.739995601177213
1436,0.3490651167206562
1437,0.15999866485595682
1438,4.265099299188839
1439,1.0999977111816404
1440,1.6680770427454705
1441,1.1051640014199633
1442,14.949998754262925
1443,1.7714666790189553
1444,3.8489626288140535
1445,1.0799979496002194
1446,0.1499986648559568
1447,1.979997234344482
1448,0.7099985694885251
1449,1.665932398993833
1450,16.26999740123749
1451,1.8134493502834619
1452,14.399996924400327
1453,2.027664906860196
1454,1.4841773252540498
1455,0.5043413136266319
1456,2.053441606148775
1457,1.807873688513485
1458,13.989998754262924
1459,17.359996542930602
1460,4.575050787498393
1461,14.549999135732651
1462,15.43999759197235
1463,-0.8300005722045902
1464,0.8712010589581283
1465,15.30999837577343
1466,2.4199968528747555
1467,2.7599965190887445
1468,1.0199989032745358
1469,17.12999692440033
1470,1.8499974250793454
1471,2.5299973773956292
1472,0.1299986648559568
1473,1.7371781085338698
1474,15.45999759197235
1475,1.7677984681084504
1476,14.699999329447746
1477,13.96999970793724
1478,16.399997422099112
1479,14.289999710917472
1480,0.6982145821665076
1481,14.769997413158416
1482,1.6118907303200234
1483,0.8819003542068276
1484,16.119997609853744
1485,2.229996566772461
1486,14.909998354911805
1487,-0.40000128746033065
1488,1.6499971389770505
1489,2.9699967575073236
1490,2.779996471405029
1491,11.979999517202375
1492,1.4599987602233884
1493,1.9623029176829088
1494,0.1299986648559568
1495,2.1049908983892744
1496,1.5999971389770504
1497,3.3921699483229215
1498,14.499999138712882
1499,16.48999701976776
1500,1.0453303293147185
1501,1.728847010689872
1502,16.169997401237488
1503,-0.23000152587890696
1504,3.8999967575073238
1505,15.429997991323471
1506,0.15999866485595682
1507,2.5399981403350824
1508,2.9199965667724603
1509,2.2632076467683278
1510,17.719996370077133
1511,0.14999938011169411
1512,1.4260747211558849
1513,17.919996370077133
1514,-0.08000133514404328
1515,0.9287104151460921
1516,0.149999141693115
1517,1.5699990463256832
1518,1.9999969005584683
1519,14.189999117851258
1520,15.899997413158417
1521,17.669996560811995
1522,0.5825620123152881
1523,-0.250003147125247
1524,0.149999141693115
1525,1.848378045789285
1526,2.814353470330026
1527,2.3399968528747555
1528,0.609998569488525
1529,15.969997591972351
1530,2.759996471405029
1531,3.849995613098141
1532,0.9399984264373775
1533,-0.08000114440917992
1534,15.139998354911803
1535,0.03999866485595679
1536,12.90999988079071
1537,1.3999962806701627
1538,1.5754387916924164
1539,3.1399960899353023
1540,3.1799960899353024
1541,17.47999636411667
1542,16.03999740123749
1543,0.139999141693115
1544,2.217452932643419
1545,2.799996471405029
1546,1.9529585509771
1547,1.4246357700715122
1548,16.4799968290329
1549,-0.41000114440918023
1550,15.29999759197235
1551,1.8699973297119132
1552,1.689997949600219
1553,15.619997973442077
1554,2.1013164469009302
1555,0.9552906141326658
1556,2.779996709823608
1557,0.039998664855956746
1558,4.503581637869056
1559,3.257599583846392
1560,15.899997222423552
1561,15.379996745586393
1562,15.589997782707215
1563,13.949999690055847
1564,1.0599981880187985
1565,17.29999636411667
1566,16.88999684691429
1567,17.879996161460877
1568,1.9941179348374822
1569,2.609996185302734
1570,2.3083764892434506
1571,1.704712766667603
1572,0.09999866485595676
1573,1.6399973773956296
1574,1.0999977111816404
1575,18.259995601177216
1576,1.9299970912933342
1577,1.335609951018451
1578,0.1299986648559568
1579,15.109998185038567
1580,15.499996751546858
1581,1.599997043609616
1582,1.8171464776424073
1583,16.11999741911888
1584,3.823385666123654
1585,3.72999623298645
1586,14.759999138712883
1587,1.0199975681304916
1588,4.149995994567868
1589,12.21999988079071
1590,0.1499986648559568
1591,1.7998294693211248
1592,15.729998185038566
1593,1.8599978065490714
1594,0.1399989032745359
1595,2.3099971389770504
1596,1.5133400999731335
1597,3.184125871157627
1598,1.8699967575073237
1599,18.269995416402814
1600,0.21700876146233528
1601,5.139895104323988
1602,2.1999962329864466
1603,4.551975638687121
1604,3.768407161934398
1605,1.6899966144561758
1606,-1.2500019073486364
1607,18.719995800852775
1608,1.6499971389770505
1609,1.24468880139211
1610,14.139999517202376
1611,1.7179873336565674
1612,1.8600658990954357
1613,13.359998947978019
1614,14.659999135732651
1615,2.454281487644004
1616,1.2960364672101192
1617,2.029045673158949
1618,17.81999637007713
1619,0.08999866485595676
1620,0.3299984741210935
1621,1.6856546750934223
1622,17.70999635219574
1623,1.2974664288168283
1624,15.01999856352806
1625,0.1999973773956264
1626,2.229996566772461
1627,16.229997401237487
1628,17.719996161460877
1629,3.2789817649392456
1630,14.729999135732651
1631,1.4267619623447991
1632,0.9536204722439616
1633,1.3592374469524833
1634,16.17999741911888
1635,1.8718358231754304
1636,15.869997800588608
1637,2.959996137619018
1638,2.5899961853027342
1639,1.1021315922523445
1640,14.34999930858612
1641,0.023444649728041167
1642,3.3404793790760254
1643,17.30999655485153
1644,18.129996373057367
1645,2.8699974727630613
1646,2.3999968528747555
1647,3.459996662139892
1648,16.209997401237487
1649,14.979998545646668
1650,15.059997612833975
1651,3.7099955177307127
1652,2.9099963283538814
1653,1.0199984264373776
1654,17.309996733665464
1655,1.015738887627181
1656,1.7366323824577221
1657,16.019997591972352
1658,16.579996650218963
1659,15.839997037649153
1660,2.2476910866909185
1661,1.8199145019622105
1662,15.72999799132347
1663,15.889997222423553
1664,16.019997612833976
1665,0.19999670982360498
1666,3.289996614456176
1667,2.7799959945678707
1668,4.3609083047810895
1669,1.4554632429474719
1670,3.905326075297172
1671,2.6899976158142076
1672,1.0733459834460792
1673,1.0599977111816403
1674,1.0799981880187985
1675,1.7231940388903093
1676,15.469998372793198
1677,3.5529029273475796
1678,1.4946006928329862
1679,0.9999977111816403
1680,3.8799958038330074
1681,0.5999987125396695
1682,4.324832065582321
1683,2.341430390872908
1684,3.7299964714050287
1685,1.0999981880187986
1686,1.948732468134666
1687,2.9699984264373778
1688,3.4099972820281974
1689,4.539245078914726
1690,3.8799967575073238
1691,0.1199986648559568
1692,16.599996638298034
1693,1.0999977111816404
1694,1.7174259766518924
1695,16.139997210502624
1696,2.4339252735284145
1697,2.0199984264373776
1698,17.26999597072601
1699,1.5355499920234765
1700,17.139996849894523
1701,15.279998182058334
1702,2.2199968528747553
1703,18.51999560713768
1704,17.369996942281723
1705,1.6499971389770505
1706,13.79999930858612
1707,1.759512706587971
1708,18.679995398521424
1709,1.7299972343444818
1710,0.37279346261265767
1711,0.9099977111816402
1712,1.9799978065490715
1713,1.4358876917777894
1714,17.02999684691429
1715,1.2099960899353008
1716,13.359999690055847
1717,1.3860287463471197
1718,2.1699971389770503
1719,1.0911017497864017
1720,1.0199986648559567
1721,0.2187463240582137
1722,2.299996376037597
1723,2.401528326043093
1724,-1.6000015735626256
1725,-1.8000013351440465
1726,18.289995416402817
1727,0.03999866485595674
1728,3.501077767904371
1729,16.40999741911888
1730,13.039998754262923
1731,2.5599978542327877
1732,16.579996829032897
1733,14.349999326467515
1734,16.03999780058861
1735,1.2491140895198871
1736,1.6299971389770505
1737,1.6288759801448778
1738,14.989998372793197
1739,1.5109145839592522
1740,17.369996173381804
1741,2.369996376037597
1742,0.893545872229943
1743,12.199998354911802
1744,3.531709313117527
1745,1.6799982357025138
1746,17.77999539852142
1747,13.179997985363004
1748,2.269997806549072
1749,3.7818574448012665
1750,4.836776467045921
1751,2.229997043609619
1752,2.157468287892855
1753,-0.6000015735626253
1754,0.4599982833862302
1755,1.7494209226101933
1756,3.879995326995849
1757,13.42000028014183
1758,13.839999499320983
1759,3.6499964714050286
1760,16.60999701976776
1761,17.559996161460877
1762,2.8499965667724587
1763,3.689995517730712
1764,0.12999914169311588
1765,3.8017884903218397
1766,1.4827706193264685
1767,3.8999960422515865
1768,3.7082933373404416
1769,17.55999675154686
1770,3.839996995925903
1771,3.3699971389770504
1772,4.54906097053609
1773,13.180000262260437
1774,4.096284976339059
1775,2.598285863514445
1776,3.2899989390373228
1777,1.6399971389770505
1778,16.96999693632126
1779,1.715784436122037
1780,14.649999135732651
1781,14.349997985363006
1782,2.909996280670166
1783,2.3199989986419673
1784,2.069997520446777
1785,1.300468969614056
1786,16.70999723136425
1787,16.749996650218964
1788,16.77999692440033
1789,0.07481804411044204
1790,1.271621338003308
1791,3.8399962806701655
1792,14.09999913573265
1793,4.290802586080262
1794,3.1782072452571453
1795,2.889997949600219
1796,14.449999326467514
1797,2.379999237060547
1798,1.0599977111816403
1799,3.539996185302734
1800,3.1299968051910394
1801,3.999997401237487
1802,1.6499980926513669
1803,1.7123460787747231
1804,16.459996656179428
1805,-0.4500014305114781
1806,3.6113510058924865
1807,16.70999684691429
1808,3.319997806549072
1809,14.959998754262925
1810,3.289996376037597
1811,15.039998754262925
1812,4.03999656677246
1813,4.5403073156027265
1814,13.529999520182608
1815,3.8999955654144283
1816,17.19999665617943
1817,16.34999684691429
1818,1.979996995925903
1819,2.2256033444631034
1820,14.919998757243157
1821,1.9018875769417107
1822,17.38999635219574
1823,4.469995231628418
1824,17.50999577999115
1825,4.112131998028802
1826,14.939998947978019
1827,1.0999977111816404
1828,17.63999637007713
1829,2.2254452632172765
1830,14.469999117851257
1831,2.6599981403350825
1832,16.30999703168869
1833,1.5363226009778799
1834,3.8774050334402608
1835,0.8499979019165036
1836,1.8499969482421872
1837,1.9099969959259029
1838,15.59999759197235
1839,17.779996370077132
1840,15.819997413158417
1841,15.71999799132347
1842,1.079999141693115
1843,14.329999710917473
1844,18.009995970726013
1845,16.35999741911888
1846,3.0709198120375736
1847,1.6399976158142087
1848,-1.1000021457672153
1849,4.089996805191039
1850,0.15999866485595682
1851,-0.8500022888183629
1852,0.24999847412109344
1853,15.619997210502623
1854,1.7799993324279781
1855,2.979997758865356
1856,17.749996560811997
1857,1.4249451092717318
1858,14.279999517202377
1859,13.84999970793724
1860,4.791265443472774
1861,1.0799986648559567
1862,15.319996656179427
1863,16.82999693632126
1864,1.482530620283415
1865,1.3135591246917269
1866,0.8299979019165036
1867,15.049998754262925
1868,1.905261409161108
1869,4.645005928320529
1870,0.5199982833862302
1871,3.771957643266607
1872,4.074185042205643
1873,3.1988644718739687
1874,1.261943689481118
1875,-0.6500034809112577
1876,14.089999117851256
1877,4.306127510754501
1878,1.6099980926513668
1879,1.2499964237213104
1880,12.829998375773428
1881,16.589997422099113
1882,16.489997228384016
1883,3.819996995925903
1884,1.5030961069460382
1885,1.8868073828938434
1886,14.409999117851257
1887,16.88999675154686
1888,1.0799977111816403
1889,1.8144612592598939
1890,14.49999873638153
1891,2.8518572987601263
1892,1.245666792260331
1893,13.059997609853744
1894,0.15999866485595682
1895,0.8899979019165036
1896,6.229996659159659
1897,3.556325792235513
1898,14.869998545646668
1899,-3.0500043392181424
1900,14.869998754262925
1901,3.6899957561492913
1902,1.4099989986419674
1903,14.99999816417694
1904,1.4000655437815859
1905,0.44999876022338836
1906,1.821007453525452
1907,2.2399968528747554
1908,0.1399986648559568
1909,3.1696528017478864
1910,-0.030003242492678828
1911,0.37594008544535495
1912,0.7985575466699939
1913,2.999996089935302
1914,2.4899964714050284
1915,15.639998182058335
1916,2.759996852874754
1917,-2.2000018119812044
1918,3.6823839112262315
1919,1.0062391824931551
1920,1.349669060874634
1921,0.26999837875366134
1922,0.44999837875366144
1923,3.4499967575073227
1924,0.3199989509582517
1925,1.7078603811470765
1926,2.8199964237213115
1927,2.0799964237213127
1928,0.17450663911875552
1929,1.2769933718311444
1930,4.382769539368915
1931,1.5235503853163743
1932,2.5335351463328633
1933,0.7527865834962191
1934,3.0399968051910395
1935,3.709996471405029
1936,0.1739567394874797
1937,1.2102692530795152
1938,3.529996948242187
1939,14.509999326467515
1940,15.16999759197235
1941,2.289656073106733
1942,2.5492439831168747
1943,14.809998944997787
1944,3.9999954700469935
1945,-0.47000095367431677
1946,16.229997612833976
1947,2.9152825834793292
1948,16.949996745586397
1949,0.42687362901487647
1950,13.939997985363005
1951,2.3299992370605467
1952,0.15999866485595682
1953,4.147221777627998
1954,2.3296501231444346
1955,-1.0399997138977044
1956,13.109997609853743
1957,12.239996173381803
1958,0.8899979019165036
1959,14.949998182058334
1960,1.387750758509712
1961,16.11999722838402
1962,1.2509421075646923
1963,3.5099957561492916
1964,-1.8000033378601106
1965,1.4421767033625972
1966,15.68999741911888
1967,3.829996757507323
1968,-0.7700009536743171
1969,1.954758308831981
1970,14.57999799132347
1971,15.319997609853743
1972,1.6899976158142087
1973,2.539998617172241
1974,-3.950002956390384
1975,16.56999692440033
1976,2.719996948242187
1977,3.37999771118164
1978,15.129997973442077
1979,15.45999799132347
1980,15.779997210502623
1981,4.109995851516723
1982,2.7899981880187985
1983,1.287556487512491
1984,16.399997228384017
1985,16.399996829032897
1986,4.666735834116628
1987,16.35999675154686
1988,0.009998664855956728
1989,15.299995988607403
1990,17.499996945261955
1991,3.8999960422515865
1992,14.029999117851258
1993,16.659996745586394
1994,14.669997973442078
1995,15.309997228384017
1996,16.11999722838402
1997,2.3799968528747555
1998,1.6576388052285154
1999,16.059997222423554
2000,4.043000723530382
2001,4.836233101461272
2002,0.1399986648559568
2003,15.869997991323471
2004,2.4599973773956294
2005,15.109998754262925
2006,15.889996829032897
2007,16.859995988607405
2008,1.149997997283932
2009,14.749998754262924
2010,2.639997186660766
2011,14.13999970793724
2012,2.5230687421104663
2013,4.380189790824979
2014,16.78999723136425
2015,2.2799968528747554
2016,1.8499973773956266
2017,17.559996945261954
2018,17.709996560811994
2019,3.3625611719529704
2020,3.829297395559287
2021,1.2699987125396726
2022,15.18999856352806
2023,1.9999964237213101
2024,4.759996757507324
2025,2.6302038871832787
2026,14.86999873638153
2027,2.9859508442270326
2028,4.620540520564604
2029,3.6502637386491465
2030,1.6999970912933315
2031,2.1299970436096185
2032,16.739997037649154
2033,1.7199976634979244
2034,15.279998372793198
2035,3.9125856529842444
2036,16.62999694228172
2037,1.8849617617530883
2038,15.489998372793197
2039,2.979997234344482
2040,0.07999866485595677
2041,1.189997520446777
2042,1.4999970436096182
2043,14.779995988607405
2044,1.4499963283538784
2045,2.749998378753662
2046,11.879997019767758
2047,17.199996161460877
2048,0.3599982833862301
2049,14.75999913573265
2050,0.9999977111816403
2051,-0.25000267028808926
2052,3.8482605420590366
2053,1.0799977111816403
2054,3.7529452271845996
2055,17.099996364116667
2056,1.459997806549072
2057,-0.22000133514404346
2058,-0.5144057301223812
2059,-13.70000195503235
2060,0.11999866485595678
2061,1.199996471405026
2062,-0.900003051757816
2063,1.3199973297119136
2064,2.9699962806701654
2065,1.9099967575073238
2066,-0.0200013351440433
2067,2.8899972343444817
2068,2.0099967575073237
2069,2.74999642372131
2070,3.5599964714050287
2071,0.1399986648559568
2072,-0.25000095367431663
2073,15.779997782707214
2074,15.859997991323471
2075,0.799998521804806
2076,3.4304354191464554
2077,14.729999135732651
2078,1.4499982833862302
2079,2.409997329711914
2080,-0.25000095367431663
2081,0.5099982833862302
2082,2.309996185302734
2083,4.485624107390454
2084,-1.1000005722045905
2085,15.059998754262924
2086,3.4099959945678697
2087,-2.6226043734096927e-06
2088,2.869998664855957
2089,2.1799968051910397
2090,-2.62260437342704e-06
2091,2.4199968528747555
2092,-1.4000024795532262
2093,0.1499986648559568
2094,-1.0800001907348635
2095,3.4973555443956794
2096,14.519998927116394
2097,0.9099983787536619
2098,14.859998944997788
2099,16.15999577999115
2100,16.089997609853743
2101,17.14999692440033
2102,1.0999977111816404
2103,14.759997609853743
2104,15.209998757243156
2105,15.529997413158416
2106,17.029996560811995
2107,3.7999970436096184
2108,15.299998164176941
2109,4.299996757507324
2110,16.169997609853745
2111,16.999996924400328
2112,1.4273871415180095
2113,14.679998372793197
2114,0.4999978542327847
2115,2.599996185302734
2116,17.539996542930602
2117,3.6799957561492915
2118,17.439996370077132
2119,12.749997991323468
2120,4.350668798172661
2121,0.1999988555908169
2122,4.889994850158691
2123,0.5999987125396693
2124,14.48999873638153
2125,14.409997800588606
2126,17.13999692440033
2127,2.569996900558471
2128,17.129996849894525
2129,2.4799978542327876
2130,2.049996757507324
2131,0.1199986648559568
2132,14.239999710917473
2133,16.229997609853744
2134,-2.2000040531158476
2135,3.459996185302734
2136,3.139996376037597
2137,1.8469689810999042
2138,1.8099968051910393
2139,15.069998372793197
2140,13.879999332427978
2141,16.389997210502624
2142,15.019998545646667
2143,17.459996542930604
2144,14.539998927116393
2145,4.689221769755303
2146,-0.36000114440918013
2147,18.17999577999115
2148,2.2399989986419673
2149,14.29999930858612
2150,1.9386855513076526
2151,15.539998185038566
2152,4.479086757555066
2153,3.7099955177307127
2154,1.7566700361787086
2155,17.269996942281722
2156,16.209997609853744
2157,14.679998182058334
2158,1.5870708752456781
2159,17.519996945261955
2160,15.549997973442078
2161,3.8799958038330074
2162,15.469998182058335
2163,14.80999873638153
2164,1.1165234877397074
2165,14.409999326467513
2166,1.9400561643874932
2167,3.399996900558471
2168,3.6046035618867487
2169,4.021187925400299
2170,1.5233100915133309
2171,14.56999874830246
2172,18.33999560713768
2173,16.809997037649154
2174,15.139997994303702
2175,15.699996656179428
2176,15.839997800588607
2177,4.489996423721313
2178,16.93999684691429
2179,1.2853064598690893
2180,16.499996650218964
2181,2.0299979496002196
2182,2.9499972343444822
2183,3.459996900558471
2184,3.764823731174139
2185,15.77999760389328
2186,17.19999692440033
2187,2.1799987125396725
2188,15.21999856352806
2189,1.7559613718456861
2190,1.989997234344482
2191,14.619999138712883
2192,14.97999759197235
2193,16.739996829032897
2194,0.8199979019165036
2195,4.919996614456176
2196,15.779997991323471
2197,12.899997973442074
2198,0.39999904632568306
2199,16.38999722838402
2200,3.709996471405029
2201,14.499998545646667
2202,17.36999675452709
2203,1.9524834231861017
2204,1.3404360954995802
2205,3.333550156559986
2206,0.15999866485595682
2207,1.4499973297119138
2208,3.8467612131361033
2209,15.269997991323471
2210,0.5099985218048093
2211,-0.11000085830688522
2212,3.289996376037597
2213,17.70999635219574
2214,-1.5500020503997833
2215,2.195697116346285
2216,14.719998927116395
2217,16.229997609853744
2218,13.94999932050705
2219,4.812924983675481
2220,14.61999913573265
2221,2.389997329711914
2222,0.2699997138977037
2223,1.5913047100851663
2224,1.0078237426739631
2225,14.78999873638153
2226,14.82999873638153
2227,4.472252748256735
2228,4.05261695736023
2229,1.5999973297119106
2230,3.711409329254004
2231,0.4499972820281947
2232,14.419999329447746
2233,1.6953113022802948
2234,13.689999326467513
2235,2.2030182673495124
2236,14.67999913573265
2237,2.799995660781857
2238,15.779997991323471
2239,16.089997222423552
2240,17.419996942281724
2241,3.139996376037597
2242,1.9146152737575577
2243,16.659997228384018
2244,3.0200555854953914
2245,15.219997612833975
2246,-0.6000015735626255
2247,3.8995812700876926
2248,2.1769144589311757
2249,16.439997210502625
2250,1.0799979496002194
2251,18.529995589256288
2252,14.349997609853743
2253,4.425928379782489
2254,4.529996185302734
2255,16.769997037649155
2256,0.7099980926513669
2257,12.789998545646666
2258,1.3299971866607658
2259,1.6199886742773892
2260,17.36999675154686
2261,17.49999675154686
2262,17.00999684691429
2263,0.8099983787536618
2264,0.07999866485595675
2265,15.27999780356884
2266,0.15999866485595682
2267,17.82999579191208
2268,14.67999759197235
2269,14.899998944997787
2270,17.939996370077132
2271,-0.6000015735626254
2272,16.889996638298033
2273,17.159996656179427
2274,7.729997973442075
2275,14.549998939037323
2276,0.9499978542327845
2277,16.859996924400328
2278,13.569998545646667
2279,1.8799969959259029
2280,2.3999968528747555
2281,0.7999970912933315
2282,4.109996328353882
2283,17.309996942281725
2284,2.0299987125396726
2285,15.219998372793198
2286,0.599997997283932
2287,3.1199965667724605
2288,16.959995988607407
2289,1.9294655667968732
2290,17.47999675154686
2291,0.0499968051910367
2292,-2.4500030994415316
2293,-0.41000085830688543
2294,3.288008519107159
2295,0.1999974250793422
2296,1.4299973297119137
2297,5.0799965667724605
2298,-10.050002527236941
2299,1.6718992273513973
2300,1.6179826612443753
2301,16.479997037649156
2302,16.959996656179428
2303,-1.0000028610229528
2304,0.3099984741210935
2305,14.999998182058334
2306,3.1399960899353023
2307,-0.4000039100647007
2308,12.750000083446503
2309,2.129997043609619
2310,1.1999959945678675
2311,3.3499958992004393
2312,14.349999517202377
2313,1.7475450565881523
2314,1.839997234344482
2315,-5.65000333786011
2316,-0.5000035762786899
2317,3.9999961853027313
2318,15.029998372793198
2319,8.809997991323469
2320,0.28288517222512555
2321,2.049996471405026
2322,16.199996656179426
2323,-0.1671690741399039
2324,12.189998947978019
2325,14.80999873638153
2326,11.829998545646667
2327,14.479998944997787
2328,0.19999728202819472
2329,16.38999665915966
2330,1.2699987125396726
2331,14.899996924400329
2332,16.179995988607406
2333,14.599999138712883
2334,13.37999930858612
2335,16.03999723136425
2336,-0.540002479553225
2337,16.73999723136425
2338,14.19999930858612
2339,4.069995136260986
2340,4.529994993209838
2341,13.099997782707211
2342,2.184370303442072
2343,17.199996542930602
2344,15.65999799132347
2345,16.709996936321257
2346,1.5707086871759937
2347,15.009997413158416
2348,15.279998164176941
2349,2.3999968528747555
2350,14.62999873638153
2351,14.459997222423553
2352,14.259998354911803
2353,2.2171249712595116
2354,17.86999617934227
2355,13.989999517202378
2356,4.099996566772461
2357,15.209998566508293
2358,4.385190338738037
2359,16.099997401237488
2360,14.979997422099112
2361,2.229997282028198
2362,3.6899971866607664
2363,3.8199974727630615
2364,1.7240400889293643
2365,14.409999117851257
2366,2.1299972820281976
2367,2.009996757507324
2368,1.5319992687773765
2369,16.72999684691429
2370,15.059998545646668
2371,3.0999963283538814
2372,2.369996376037597
2373,3.1199970436096187
2374,4.136164718044849
2375,2.437170285132622
2376,14.62999799132347
2377,2.169997282028198
2378,13.539998944997786
2379,3.18999680519104
2380,3.019997997283935
2381,14.71999856352806
2382,15.419998566508292
2383,14.649998927116394
2384,14.73999873638153
2385,17.959996161460875
2386,0.19999837875365858
2387,17.36999665915966
2388,16.359996924400328
2389,4.402219174978548
2390,2.7399989509582516
2391,16.33999741911888
2392,3.635896496594824
2393,2.869996757507324
2394,0.18999847412109339
2395,2.7999968528747528
2396,14.709999135732652
2397,14.919998182058334
2398,2.3999965190887416
2399,3.2899975681304925
2400,13.610000071525574
2401,14.319999308586121
2402,1.4155780752609963
2403,14.769998378753662
2404,13.779999520182608
2405,15.729997413158417
2406,16.599997422099115
2407,17.789996560811996
2408,14.049998927116393
2409,1.8199986171722409
2410,15.289998164176941
2411,17.889995791912078
2412,15.029996179342266
2413,16.78999723136425
2414,16.33999741911888
2415,17.119996656179428
2416,17.839996370077134
2417,1.079999380111694
2418,-0.13000133514404344
2419,2.369997615814208
2420,14.389998545646668
2421,14.879997591972352
2422,-1.7500016212463403
2423,2.3799963760375973
2424,3.7299955177307123
2425,3.9399960422515865
2426,15.159998372793197
2427,0.19999790191650038
2428,1.6218398106666083
2429,-3.700003051757815
2430,2.189996566772461
2431,3.8999962806701656
2432,3.459996423721313
2433,17.689996352195738
2434,4.529996185302734
2435,16.779997040629386
2436,3.8199967575073237
2437,3.5287087787031846
2438,-1.0500021457672155
2439,-0.200001716613773
2440,1.5899974727630608
2441,2.429996423721313
2442,-3.249998474121094
2443,14.949996942281722
2444,15.40999816417694
2445,0.3499969005584682
2446,13.96999932050705
2447,16.33999741911888
2448,1.5697107261027834
2449,15.21999856352806
2450,15.059998354911803
2451,1.4617773163366647
2452,14.859998944997788
2453,11.509998927116392
2454,3.159997758865356
2455,3.359996185302734
2456,0.3199984741210935
2457,14.93999856352806
2458,15.439997609853744
2459,1.97668879032602
2460,17.109996733665465
2461,17.349996733665467
2462,3.709996471405029
2463,15.039998545646668
2464,4.193237831978058
2465,1.599997997283932
2466,3.3499961376190184
2467,4.886722895321842
2468,-1.9500020027160676
2469,1.0099979019165028
2470,14.159998182058333
2471,14.429999117851256
2472,3.9261441929402925
2473,3.559996423721312
2474,3.791180055843698
2475,3.1899960899353026
2476,4.393477789820632
2477,-0.8000025749206576
2478,16.079997800588608
2479,1.9999973773956263
2480,1.74239903298347
2481,3.9199962806701656
2482,4.275919990953034
2483,14.009997609853743
2484,14.81999894797802
2485,13.449997782707213
2486,-0.004666628180569159
2487,16.239996829032897
2488,15.67999837577343
2489,14.389999117851257
2490,16.529997019767762
2491,16.7999968290329
2492,3.9917260807759622
2493,14.279999710917473
2494,18.19999577999115
2495,14.919999138712884
2496,3.8999967575073238
2497,14.159999308586121
2498,14.389997231364248
2499,13.919997210502622
2500,17.229996849894523
2501,16.289997210502623
2502,0.6741863830054875
2503,15.489998372793197
2504,3.18999680519104
2505,16.649997422099112
2506,17.78999635219574
2507,12.759997591972349
2508,4.5099969005584715
2509,14.36999930858612
2510,16.059997800588608
2511,18.749995416402818
2512,1.069997997283935
2513,17.8799961823225
2514,14.909997782707213
2515,1.209997520446777
2516,16.639997037649156
2517,1.899997472763061
2518,13.449999326467513
2519,14.67999913573265
2520,15.129997031688688
2521,1.5999975204467738
2522,15.34999799132347
2523,13.95999856352806
2524,0.09999866485595676
2525,0.9301512232083482
2526,1.5572833030494395
2527,15.349997609853745
2528,1.8999971389770474
2529,14.499999326467513
2530,2.4299968528747558
2531,16.25999692440033
2532,17.329996942281724
2533,2.609996662139892
2534,14.599998754262923
2535,2.130496299682011
2536,16.379997612833975
2537,17.599996542930604
2538,0.9999978542327845
2539,3.5899957561492917
2540,13.919999517202378
2541,14.18999873638153
2542,14.769998736381531
2543,17.5799965429306
2544,13.109998182058332
2545,13.989999499320984
2546,15.589997973442077
2547,1.3499981760978663
2548,-0.05363549463010887
2549,16.7399965429306
2550,17.899996161460876
2551,12.709997037649151
2552,17.499996542930603
2553,14.129999117851257
2554,16.779996829032896
2555,1.439997806549072
2556,13.229997603893278
2557,1.5144953256923492
2558,3.919997234344482
2559,3.5499974250793453
2560,1.5799993324279773
2561,12.009998563528058
2562,13.67999913573265
2563,14.529999117851258
2564,14.899997800588606
2565,14.119998566508292
2566,14.219997603893278
2567,3.641905844882832
2568,2.327158175217682
2569,16.209996936321257
2570,15.699997800588607
2571,16.46999701976776
2572,0.7099985694885251
2573,15.549997591972351
2574,3.399996185302734
2575,16.16999701976776
2576,3.54999623298645
2577,0.5144912125374703
2578,14.599997210502623
2579,14.359999129772186
2580,1.8809717886550814
2581,-0.49000133514404376
2582,17.169996733665467
2583,16.229997609853744
2584,16.199997210502623
2585,-1.5500033378601106
2586,2.1527867212235545
2587,15.259997782707213
2588,1.2563942404867763
2589,17.859996161460877
2590,1.4755805441715864
2591,15.049998754262925
2592,14.109999329447746
2593,18.129996373057367
2594,13.739999499320984
2595,14.339998927116394
2596,2.4699969005584714
2597,15.069998354911805
2598,2.007665243314797
2599,3.7499955177307127
2600,16.209996352195738
2601,14.84999817609787
2602,0.9280899290187448
2603,1.712919069886508
2604,15.069998354911805
2605,3.0399972820281977
2606,3.419995565414428
2607,2.0398270329675574
2608,13.449999898672104
2609,3.6699955177307126
2610,0.15999866485595682
2611,-0.12000114440917996
2612,14.859998944997788
2613,13.509997413158416
2614,16.1599968290329
2615,16.71999675154686
2616,18.02999617934227
2617,1.679356751014894
2618,17.459996542930604
2619,18.71999560713768
2620,1.9170119935566108
2621,14.529998754262923
2622,1.0999981880187986
2623,3.3099958992004392
2624,16.81999692440033
2625,0.7299996185302728
2626,12.539998566508292
2627,0.15999866485595682
2628,3.3999965667724603
2629,1.1660852570917157
2630,1.9543541072203452
2631,0.4013669609926087
2632,1.6523726926874405
2633,18.259995988607407
2634,2.2799990940093986
2635,1.0999977111816404
2636,12.480000089406966
2637,3.009996614456176
2638,2.415565333728437
2639,2.0964740273070652
2640,2.4092676998222133
2641,0.7782298332060296
2642,14.029999499320985
2643,1.2821105179965142
2644,16.999996656179427
2645,1.3074568571983136
2646,1.9767901835063946
2647,14.33999913573265
2648,1.4550607582314994
2649,1.0999977111816404
2650,1.7741263990253455
2651,14.339997222423552
2652,14.699998927116393
2653,4.0799965667724605
2654,1.881160623293044
2655,3.3999969363212554
2656,1.8408180476022016
2657,15.21999856352806
2658,15.339997603893279
2659,1.4817224779835423
2660,1.8802133518948543
2661,18.299996182322502
2662,-0.9900003814697269
2663,1.8438345599341541
2664,1.469912285405044
2665,0.5099970436096174
2666,2.181046612447992
2667,14.989998754262924
2668,15.539996638298033
2669,2.689996852874755
2670,16.749997037649155
2671,14.289999517202377
2672,0.15999866485595682
2673,3.4835427308730234
2674,2.3699961376190175
2675,0.15999866485595682
2676,0.15999866485595682
2677,2.115766175550755
2678,15.719998185038566
2679,2.3952881882609596
2680,1.564791468318001
2681,16.00999759197235
2682,0.6599980449676496
2683,16.579996849894524
2684,0.9099983787536619
2685,16.93999684691429
2686,1.6464550413222339
2687,-0.20000123977661477
2688,14.169998754262924
2689,15.219998354911803
2690,1.1107426343814712
2691,17.5599965429306
2692,17.17999635219574
2693,14.959997973442077
2694,15.66999759197235
2695,14.04999856352806
2696,15.429998182058334
2697,14.809998944997787
2698,12.379997973442075
2699,14.25999930858612
2700,17.21999675452709
2701,0.8909473495589226
2702,14.669999138712884
2703,15.709998185038566
2704,16.859996846914292
2705,3.8399965190887446
2706,14.529998939037323
2707,2.559996662139892
2708,2.2145944684070282
2709,14.109999901652337
2710,2.349997091293335
2711,0.9799977111816403
2712,16.389997210502624
2713,4.4756016795406515
2714,15.079998563528061
2715,4.5517895728331865
2716,3.079998712539673
2717,16.22999741911888
2718,3.339998331069946
2719,16.949996846914292
2720,3.0074521518253365
2721,15.119998545646668
2722,1.7074957723721957
2723,13.639999880790711
2724,15.689997800588607
2725,2.4099968528747553
2726,14.35999930858612
2727,15.79999703168869
2728,15.33999759197235
2729,4.383423924960737
2730,4.179995899200439
2731,14.27999856352806
2732,14.669999329447746
2733,2.679997186660766
2734,17.349996942281724
2735,15.949997222423553
2736,4.038692361383734
2737,18.50999599158764
2738,3.289997329711914
2739,2.3899968528747557
2740,16.249996733665466
2741,2.389997329711914
2742,17.049996733665466
2743,0.6099980926513668
2744,2.189996566772461
2745,16.009996829032897
2746,3.7999960422515864
2747,1.6999973773956265
2748,1.4099973297119137
2749,14.999997782707213
2750,4.622985940515887
2751,3.1699987125396727
2752,2.009997234344482
2753,0.2099984741210934
2754,18.14999579191208
2755,0.07999866485595676
2756,1.199997186660763
2757,17.11999692440033
2758,4.185250463874182
2759,2.1999968051910397
2760,14.28999930858612
2761,17.499996185302734
2762,1.586552360608807
2763,15.869997591972352
2764,17.839996370077134
2765,14.409998182058334
2766,15.169998182058334
2767,17.389996733665466
2768,3.839995565414428
2769,15.12999894797802
2770,15.989997800588608
2771,4.649997991323471
2772,17.539995982646943
2773,16.459997037649153
2774,14.909998944997788
2775,15.949997609853744
2776,3.6899957561492918
2777,14.019998563528059
2778,14.66999913573265
2779,1.5248638496518736
2780,2.209997043609619
2781,1.979997997283934
2782,0.39999651908874156
2783,-1.6000030994415315
2784,15.859997800588607
2785,0.5099982833862302
2786,17.119996745586395
2787,2.2799968528747554
2788,15.059996829032896
2789,15.229997419118881
2790,4.230305677316913
2791,14.139999117851257
2792,0.8854185458236965
2793,13.649999117851257
2794,14.639999135732651
2795,2.5999966621398922
2796,14.769997973442077
2797,17.70999675452709
2798,15.54999837577343
2799,3.3903184325165534
2800,16.499996542930603
2801,13.570000071525573
2802,13.839997800588606
2803,16.549997019767762
2804,4.5531713235400195
2805,15.839997991323472
2806,18.129995970726014
2807,17.49999636411667
2808,14.93999856352806
2809,3.369995899200439
2810,4.475734865882699
2811,14.909998736381532
2812,13.759997037649152
2813,14.799998354911803
2814,0.4326670832567632
2815,14.959997794628142
2816,16.03999780058861
2817,1.6899978542327878
2818,14.529998354911804
2819,0.3037006755434497
2820,13.499996846914287
2821,14.049999499320984
2822,15.009998754262924
2823,15.749997800588607
2824,1.6699973773956296
2825,14.15999970793724
2826,18.469995991587638
2827,3.939995326995849
2828,0.1399989032745359
2829,14.779997040629386
2830,14.689998545646667
2831,2.799996709823608
2832,16.899996733665464
2833,15.589998182058334
2834,18.329995589256285
2835,14.939998182058334
2836,16.799997037649156
2837,17.919996370077133
2838,14.909999138712884
2839,1.0799981880187985
2840,13.630000089406966
2841,16.50999665915966
2842,17.359996161460877
2843,15.709997401237487
2844,16.289996829032898
2845,17.23999665617943
2846,5.04999680519104
2847,15.629996733665465
2848,3.9399965190887447
2849,1.9018876668727245
2850,16.509996554851533
2851,14.899998566508293
2852,0.15999914169311502
2853,15.21999856352806
2854,16.459996829032896
2855,0.8799979019165036
2856,16.379996829032898
2857,2.3199970912933345
2858,17.32999665915966
2859,14.139998944997787
2860,15.129998164176941
2861,17.579996751546858
2862,15.329997782707213
2863,17.539996945261954
2864,15.189998354911804
2865,12.589998354911803
2866,3.0799963283538814
2867,17.11999692440033
2868,0.3199984741210935
2869,4.509996185302734
2870,4.3518502022495635
2871,2.106630974258036
2872,14.899998545646667
2873,14.339999517202378
2874,14.489996638298033
2875,4.731866551200093
2876,3.28137573187077
2877,2.529996900558471
2878,3.5270457223148792
2879,2.9999982357025146
2880,1.1503359674254565
2881,18.059995779991148
2882,15.489997228384016
2883,16.369997210502625
2884,1.039999380111694
2885,2.969998903274536
2886,17.849996373057365
2887,15.069997973442078
2888,13.690000089406967
2889,15.359998372793198
2890,14.869998754262923
2891,5.269994945526123
2892,1.6892455146291305
2893,3.519996423721313
2894,4.521936703590213
2895,16.119997401237487
2896,15.199997973442077
2897,1.6599976158142087
2898,3.9513427000963217
2899,14.389998944997787
2900,16.949996638298035
2901,16.78999635219574
2902,13.93999816417694
2903,4.509995708465576
2904,14.969997973442076
2905,17.089996173381806
2906,16.369997037649153
2907,3.779995326995849
2908,17.839996161460878
2909,14.89999873638153
2910,16.55999701976776
2911,16.24999780356884
2912,15.119998375773429
2913,15.689997782707215
2914,14.76999913573265
2915,16.129996840953826
2916,14.919998944997788
2917,15.219998354911803
2918,16.819996185302735
2919,15.809997800588608
2920,15.619998182058334
2921,14.579998545646667
2922,13.709999690055847
2923,2.2199973297119135
2924,14.999998354911805
2925,13.400000262260438
2926,16.059997609853745
2927,2.549997472763061
2928,15.869997991323471
2929,14.649998557567596
2930,2.5399990463256836
2931,2.229997043609619
2932,18.629995416402817
2933,14.029998757243156
2934,3.9425737325684884
2935,2.759996471405029
2936,0.8999979019165004
2937,1.6899971389770505
2938,17.74999635219574
2939,16.889996638298033
2940,16.089997609853743
2941,16.869996638298034
2942,16.099997222423553
2943,0.10999866485595679
2944,3.3799953269958487
2945,15.129996829032896
2946,3.1299975204467767
2947,14.339998944997786
2948,2.3799963760375973
2949,2.3599963760375973
2950,14.379999710917472
2951,16.269997228384018
2952,16.769997037649155
2953,14.83999816417694
2954,0.9999971389770472
2955,3.3399975681304928
2956,5.009997222423554
2957,0.8999979019165036
2958,16.409997210502624
2959,0.15999866485595682
2960,13.819997782707214
2961,-0.20000114440918002
2962,16.459997019767762
2963,5.24999566078186
2964,15.99999759197235
2965,4.42083306859205
2966,0.45380418164652125
2967,18.47999560713768
2968,13.819999511241912
2969,2.399997234344479
2970,17.779996370077132
2971,2.6999988555908203
2972,0.049997806549068775
2973,2.8772639690824815
2974,17.269995589256286
2975,15.979997994303703
2976,4.499997234344482
2977,14.939998545646667
2978,16.739996829032897
2979,2.4099966144561766
2980,15.55999723136425
2981,1.601175139989045
2982,2.6354791093399053
2983,15.56999837577343
2984,3.991912227812037
2985,1.5999965667724574
2986,4.38999737739563
2987,3.2016431544127792
2988,3.1399969959259018
2989,15.40999816417694
2990,3.1012407219950044
2991,16.729997037649156
2992,16.269997422099113
2993,14.509999117851258
2994,2.508496733262132
2995,2.167463667151373
2996,1.5516519675520726
2997,3.9199962806701656
2998,1.4298279044202677
2999,16.219997612833975
3000,16.61999722838402
3001,2.9904806066838288
3002,17.19999675154686
3003,16.03999780058861
3004,-0.7000007629394536
3005,15.559996656179427
3006,15.099998366832732
3007,15.449998182058334
3008,18.269995589256286
3009,2.769996948242187
3010,15.989996936321258
3011,2.229997043609619
3012,2.189996566772461
3013,16.34999722838402
3014,-0.5600011444091804
3015,17.379996542930602
3016,17.369996733665467
3017,3.6799965190887445
3018,15.069998754262924
3019,2.71999656677246
3020,3.519996185302734
3021,15.809997800588608
3022,14.809997210502624
3023,3.9093507951796735
3024,16.629997228384017
3025,13.859999898672104
3026,3.5799965190887444
3027,2.125193454941773
3028,18.909995610117914
3029,3.519996185302734
3030,2.215418879160585
3031,1.5122341607671708
3032,1.0835909567932762
3033,14.349999517202377
3034,4.182229731450968
3035,3.7199965190887445
3036,14.049999499320984
3037,14.369999117851258
3038,16.15999701976776
3039,1.7121843369430967
3040,14.81999856352806
3041,0.8799979019165024
3042,14.819997985363006
3043,14.859998736381531
3044,17.359995982646943
3045,17.21999692440033
3046,16.419997228384016
3047,16.119997401237487
3048,16.699996829032898
3049,14.53999873638153
3050,15.999997401237488
3051,14.779998944997788
3052,17.319996542930603
3053,1.5499975204467737
3054,4.578354776693447
3055,16.159997401237487
3056,13.859999517202377
3057,13.969999690055847
3058,14.999998354911805
3059,2.0126009455333853
3060,18.619995607137678
3061,4.651331988774439
3062,0.7957671863257358
3063,3.9960647187681433
3064,15.769997413158416
3065,16.029997401237488
3066,2.779996709823608
3067,15.45999759197235
3068,15.779997401237488
3069,17.499996542930603
3070,16.519997228384018
3071,14.669998927116394
3072,3.7599962806701654
3073,2.4899990463256834
3074,1.9385244202149712
3075,2.0226432898147877
3076,16.389996936321257
3077,4.650608345077723
3078,15.499997973442078
3079,1.7604191802705507
3080,17.789996560811996
3081,15.269997991323471
3082,-0.5200011444091803
3083,14.46999856352806
3084,15.989997609853745
3085,15.769997782707215
3086,14.889998944997787
3087,4.469995470046997
3088,14.889998545646668
3089,13.749999499320984
3090,16.56999722838402
3091,17.859996161460877
3092,17.689996560811995
3093,14.819998545646667
3094,0.919998855590819
3095,3.9199955654144283
3096,2.11737672628749
3097,16.40999701976776
3098,14.49999873638153
3099,2.229996566772461
3100,16.619996829032896
3101,17.409996942281722
3102,4.047349498595726
3103,16.129996840953826
3104,17.209996942281723
3105,15.089998545646667
3106,15.799997591972351
3107,15.869997782707214
3108,18.31999560713768
3109,1.8089553501127105
3110,15.29999856352806
3111,15.349997973442077
3112,0.3333674333315326
3113,0.7499977111816372
3114,16.599996829032897
3115,2.989996280670166
3116,2.189997043609619
3117,16.999996745586394
3118,2.99999666213989
3119,0.3299984741210935
3120,17.74999635219574
3121,5.09999703168869
3122,15.599998182058334
3123,15.969997401237487
3124,1.550661099132927
3125,13.0299979943037
3126,1.5199973773956295
3127,15.469998566508293
3128,14.829998563528061
3129,14.13999930858612
3130,2.9399972343444807
3131,14.33999930858612
3132,15.939997609853744
3133,3.689996948242187
3134,4.1834284963612625
3135,4.509995708465576
3136,15.679998182058334
3137,14.569998927116394
3138,17.479996542930603
3139,15.439997973442077
3140,0.15999866485595682
3141,2.1025431130056846
3142,1.7608664962098552
3143,14.499998939037322
3144,0.36735029650258144
3145,3.7999958038330073
3146,1.9527440152292228
3147,3.3499963760375975
3148,16.289997210502623
3149,2.2199984741210934
3150,0.9099979972839349
3151,14.869998944997787
3152,16.65999723136425
3153,15.689997040629386
3154,14.659999135732651
3155,16.94999693632126
3156,15.58999759197235
3157,3.7183008957941035
3158,14.499999326467513
3159,16.269997609853746
3160,16.539997228384017
3161,15.99999759197235
3162,16.229997609853744
3163,-1.147547742745985
3164,0.23999847412109343
3165,1.5999975204467738
3166,13.71999913573265
3167,14.699999329447746
3168,1.6899971389770505
3169,14.929999138712883
3170,1.6899976158142087
3171,16.079997800588608
3172,2.6099984264373775
3173,5.0599956130981445
3174,14.979998754262924
3175,14.279998566508292
3176,1.0799981880187985
3177,2.3799968528747555
3178,1.0999977111816404
3179,16.01999684691429
3180,3.753754146752786
3181,1.9265229236077086
3182,0.976421854873246
3183,3.709996471405029
3184,18.18999617934227
3185,4.8899967575073235
3186,15.039998545646668
3187,3.399996185302734
3188,14.849998563528061
3189,3.6199965190887444
3190,4.366690137171531
3191,0.03999866485595672
3192,14.529999117851258
3193,17.22999655485153
3194,3.479996185302734
3195,0.2999984741210935
3196,15.449998566508294
3197,3.8599965190887446
3198,3.539995946884155
3199,16.419997419118882
3200,14.67999913573265
3201,15.099998182058334
3202,3.998036931260568
3203,1.6406546698721354
3204,16.82999693632126
3205,3.529995756149291
3206,1.5642165274735382
3207,1.9316495696056768
3208,16.369996560811995
3209,0.07999866485595675
3210,3.965371894420125
3211,3.510480255470933
3212,3.0799984741210937
3213,18.409995797872543
3214,15.889997419118881
3215,1.0999984264373777
3216,13.57999988079071
3217,16.719997037649154
3218,17.619996370077132
3219,18.029995970726013
3220,17.879996161460877
3221,18.319995988607406
3222,1.6132620871360552
3223,2.519996662139892
3224,1.099999141693115
3225,14.409999117851257
3226,1.9999973773956263
3227,13.959999898672104
3228,16.399997228384017
3229,17.66999635219574
3230,14.109999707937241
3231,17.269996560811997
3232,3.24159802969608
3233,2.209996566772461
3234,4.225406630594126
3235,15.93999741911888
3236,-0.20000114440918002
3237,15.449998182058334
3238,17.49999636411667
3239,-0.15000143051147816
3240,4.137881695999721
3241,11.749999135732649
3242,4.174984354378232
3243,2.799996614456173
3244,1.5999968051910365
3245,1.4701861930580373
3246,0.3999986648559539
3247,1.5965752734332537
3248,2.9499960422515867
3249,17.019996924400328
3250,15.55999837577343
3251,1.4999972820281948
3252,17.589996173381806
3253,3.7599962806701654
3254,14.14999970793724
3255,3.4999957084655757
3256,0.9699977588653559
3257,1.1176005933101663
3258,16.28999701976776
3259,14.319998754262924
3260,16.779996829032896
3261,16.319997210502624
3262,17.089996376037597
3263,18.12999617934227
3264,17.27999636411667
3265,3.8999960422515865
3266,1.0799984264373776
3267,17.509995589256285
3268,0.9999985694885218
3269,13.75999988079071
3270,0.34999732971191055
3271,3.4199976158142085
3272,3.879995326995849
3273,11.659998563528058
3274,3.984576437997667
3275,2.799996471405029
3276,14.299999129772186
3277,15.889997401237487
3278,15.999997019767761
3279,17.329996560811995
3280,17.839995982646943
3281,17.44999635219574
3282,2.279996376037597
3283,0.15999866485595682
3284,-0.03389076699873404
3285,3.202504105752051
3286,17.309995797872542
3287,3.760457933100127
3288,16.48999701976776
3289,14.269998354911804
3290,2.2099965667724604
3291,-0.4000017642974889
3292,16.05999759197235
3293,17.649996560811996
3294,15.629997794628142
3295,4.608955764898114
3296,1.189997520446777
3297,16.53999701976776
3298,14.339999129772186
3299,2.0069900832678504
3300,0.3499981880187953
3301,14.849999138712883
3302,15.539997401237487
3303,1.7176692323095473
3304,16.949996638298035
3305,14.539999326467514
3306,14.57999913573265
3307,0.2999984741210935
3308,1.9841661206204833
3309,14.09999873638153
3310,17.719996161460877
3311,16.95999692440033
3312,4.0499975204467775
3313,0.7599998092651363
3314,17.589996560811997
3315,15.869997609853744
3316,15.589997991323472
3317,0.15999866485595682
3318,4.0799975681304925
3319,4.724862761677606
3320,4.529996423721313
3321,14.709999329447747
3322,15.949996733665465
3323,1.9877665639890985
3324,16.32999703168869
3325,3.871583429456911
3326,17.51999675154686
3327,16.19999701976776
3328,17.439996542930604
3329,1.099999141693115
3330,3.369995899200439
3331,16.519996924400328
3332,17.069996733665466
3333,1.0999981880187986
3334,14.509999326467515
3335,14.069998757243155
3336,16.51999675154686
3337,17.309996733665468
3338,1.4500838229127526
3339,1.369484310963321
3340,14.38999856352806
3341,4.41240329159991
3342,16.03999780058861
3343,17.96999617934227
3344,3.5599983310699463
3345,5.039996089935302
3346,15.719997800588608
3347,1.8009597936824686
3348,1.8399971866607663
3349,1.5727610254652384
3350,18.3799961823225
3351,17.109996656179426
3352,13.929999117851256
3353,15.179997973442077
3354,16.979996745586394
3355,14.87999856352806
3356,17.699995982646943
3357,17.16999692440033
3358,14.849998944997788
3359,13.879999499320984
3360,14.599998927116394
3361,4.439996662139892
3362,4.531048459413606
3363,17.37999675154686
3364,15.429998372793197
3365,16.619997040629386
3366,17.349996942281724
3367,15.869997234344483
3368,3.8999955654144283
3369,14.529998354911804
3370,17.029997040629386
3371,1.2628500884027016
3372,15.079998545646667
3373,4.359996757507323
3374,16.229997210502624
3375,1.7697765572041646
3376,1.5099971389770503
3377,16.21999740123749
3378,1.8120673698311955
3379,15.149998354911805
3380,3.3099961376190183
3381,3.519996185302734
3382,14.999998754262924
3383,1.4033272299583384
3384,13.889999690055847
3385,15.039998754262925
3386,14.119999707937241
3387,1.8223544159030625
3388,0.14999790191650036
3389,17.419996751546858
3390,-5.600003457069399
3391,0.3299984741210935
3392,4.3399969005584715
3393,1.9965866607180913
3394,15.239998354911805
3395,17.19999692440033
3396,15.799996370077132
3397,17.729996560811998
3398,4.98887851781061
3399,1.6068907161606942
3400,16.04999759197235
3401,0.19506834941708795
3402,3.299996662139892
3403,15.229996656179427
3404,14.71999874830246
3405,15.419997973442078
3406,13.179998182058332
3407,16.01999741911888
3408,16.6399968290329
3409,14.35999930858612
3410,3.3499982833862303
3411,16.72999684691429
3412,1.0999979496002195
3413,1.9999964237213101
3414,17.13999692440033
3415,15.719998182058335
3416,16.20999703168869
3417,15.079998372793197
3418,2.9899960422515868
3419,2.199997043609619
3420,16.56999692440033
3421,15.949996638298034
3422,2.109997043609619
3423,4.181555166579887
3424,2.199996709823605
3425,2.5012548631770235
3426,15.699997782707214
3427,16.41999598264694
3428,3.587216256406769
3429,12.239997997283933
3430,2.259996376037597
3431,16.989996554851533
3432,2.091699645101669
3433,1.1368317957468603
3434,14.829999138712882
3435,17.04999684691429
3436,14.979998545646668
3437,1.835928872960289
3438,14.649997794628142
3439,3.159998950958252
3440,5.409996662139893
3441,16.61999722838402
3442,16.529997019767762
3443,3.5587441311706134
3444,14.329999326467513
3445,3.3099958992004392
3446,14.16999970793724
3447,4.0076912040432
3448,17.019996638298036
3449,15.819996840953825
3450,2.411977833311869
3451,14.149999499320984
3452,16.539997037649155
3453,0.08949471262001342
3454,16.819997037649156
3455,16.59999684095383
3456,0.7999973297119107
3457,16.159997401237487
3458,3.70999623298645
3459,15.04999817609787
3460,14.549999326467514
3461,16.069997609853743
3462,14.199999129772186
3463,4.219995899200439
3464,15.589997782707215
3465,1.0999964714050259
3466,3.7045968097972284
3467,15.509998182058334
3468,15.609998182058334
3469,17.04999684691429
3470,15.239998372793197
3471,16.55999701976776
3472,1.5999979972839324
3473,1.190642993237615
3474,17.22999655485153
3475,3.6899959945678704
3476,0.9499981403350795
3477,16.759996829032897
3478,17.19999692440033
3479,17.529996173381804
3480,17.939995601177216
3481,1.0599977111816403
3482,1.8499969482421872
3483,1.9832949564690283
3484,15.65999799132347
3485,1.1999974250793422
3486,14.919998545646667
3487,14.919998944997788
3488,1.3999981880187953
3489,14.279997973442077
3490,2.5699976158142084
3491,17.679995398521424
3492,3.7499955177307127
3493,2.4803424597967187
3494,12.419998354911803
3495,16.739997037649154
3496,16.509997228384016
3497,16.61999722838402
3498,1.4779101016766907
3499,14.349999517202377
3500,3.70999623298645
3501,18.789995610117913
3502,1.794281671920828
3503,15.789997782707214
3504,1.3787329584401162
3505,13.429998545646667
3506,16.539996829032898
3507,16.619997037649153
3508,16.44999741911888
3509,15.25999780356884
3510,2.171752483836647
3511,3.7099971866607664
3512,1.6969930721471989
3513,1.4365604638919645
3514,1.8599996185302732
3515,17.99999656379223
3516,17.369996733665467
3517,13.729999517202376
3518,17.179996745586394
3519,2.509997854232788
3520,15.839997991323472
3521,1.9114826259170279
3522,18.08999617934227
3523,14.889998545646668
3524,15.099998947978019
3525,3.338169713781712
3526,4.1827538553162835
3527,1.0499969959259
3528,16.309997210502626
3529,2.2436300301289913
3530,16.229997037649156
3531,17.609996560811997
3532,17.23999665617943
3533,0.8999983787536618
3534,18.149995970726014
3535,14.149999499320984
3536,16.28999780356884
3537,4.259995899200439
3538,16.199997222423555
3539,16.95999684691429
3540,3.189997282028198
3541,16.439997210502625
3542,3.3499963760375975
3543,2.869998903274536
3544,17.919996370077133
3545,4.9999974191188805
3546,17.669996173381804
3547,3.0709200981102973
3548,2.1123668496072954
3549,16.719996829032898
3550,15.099996942281722
3551,1.4299981403350823
3552,2.1999982357025143
3553,3.4613917751446963
3554,2.1475827413361115
3555,15.659998182058334
3556,3.7099969482421873
3557,1.0925122199208874
3558,15.259998757243157
3559,3.839995326995849
3560,15.81999799132347
3561,14.379998927116393
3562,3.799997234344482
3563,4.4797672860210005
3564,16.03999701976776
3565,0.15999866485595682
3566,17.349996733665467
3567,4.529996662139892
3568,17.799996161460875
3569,15.719998185038566
3570,13.420000089406967
3571,15.089998563528061
3572,16.049997609853744
3573,14.919998354911804
3574,16.249997609853743
3575,17.05999692440033
3576,13.97999970793724
3577,3.539996185302734
3578,1.180964114619278
3579,1.5572179847165644
3580,3.7499971866607664
3581,14.59999913573265
3582,16.909996846914293
3583,16.739996829032897
3584,16.579997228384016
3585,1.399997806549072
3586,15.919997413158416
3587,17.169996849894524
3588,3.9199962806701656
3589,15.449998372793198
3590,15.229998354911805
3591,2.529996423721313
3592,4.320049398606802
3593,15.589997794628143
3594,18.829995416402816
3595,14.069997609853743
3596,2.1466790465697696
3597,17.039996849894525
3598,1.9961142412915707
3599,0.49999742507934225
3600,17.47999675154686
3601,16.409997210502624
3602,14.929998736381531
3603,15.28999856352806
3604,4.659997186660767
3605,15.399997973442078
3606,14.539999326467514
3607,3.9399962806701656
3608,16.209997401237487
3609,3.9199965190887447
3610,2.42949437758005
3611,14.739998927116394
3612,3.64027354798111
3613,15.929997609853745
3614,17.28999694228172
3615,16.639997037649156
3616,15.909997800588608
3617,18.10999579191208
3618,3.539996423721313
3619,5.089996757507324
3620,14.779998557567597
3621,3.329996852874755
3622,15.699998182058334
3623,10.989998754262924
3624,18.02999617934227
3625,16.529997019767762
3626,17.52999675154686
3627,15.139998754262924
3628,3.8257665864686277
3629,14.719998927116395
3630,15.299998164176941
3631,3.8705252023265784
3632,3.745613829768267
3633,2.3999970912933346
3634,16.59999722838402
3635,14.089998944997786
3636,0.678063398545248
3637,15.199998757243156
3638,17.959996370077132
3639,14.54999856352806
3640,17.199996849894525
3641,1.3647221482987533
3642,13.690000089406967
3643,15.309998182058335
3644,3.939996757507324
3645,17.43999675154686
3646,0.8499979019165036
3647,3.7299959945678705
3648,17.11999692440033
3649,14.519998927116394
3650,17.769996560811997
3651,15.409998372793197
3652,15.519997782707215
3653,17.59999675154686
3654,15.75999759197235
3655,15.54999837577343
3656,15.859997991323471
3657,0.6999980926513669
3658,18.669995416402816
3659,3.9199958038330074
3660,14.799998754262925
3661,5.229997210502624
3662,16.469996840953826
3663,5.239996852874755
3664,4.309997329711914
3665,15.88999799132347
3666,16.41999692440033
3667,0.08999866485595677
3668,4.689734268550443
3669,15.85999759197235
3670,15.429998182058334
3671,1.4499975204467739
3672,18.16999617934227
3673,-2.30000163316727
3674,16.069997609853743
3675,3.6271505320034247
3676,15.699998182058334
3677,4.100339244973539
3678,15.649998182058335
3679,14.289999517202377
3680,14.929998545646667
3681,18.47999560713768
3682,2.5299961853027337
3683,14.699998944997787
3684,2.529996423721313
3685,14.449998939037323
3686,17.599996542930604
3687,13.14999913573265
3688,2.5543885002944315
3689,14.999998754262924
3690,14.98999816417694
3691,15.809997401237487
3692,4.64999760389328
3693,16.259997401237488
3694,16.379997612833975
3695,15.56999799132347
3696,3.359995899200439
3697,16.529996638298034
3698,16.929996733665465
3699,1.2499973297119105
3700,17.819996161460875
3701,14.989997401237487
3702,18.169995610117912
3703,3.4907497731694552
3704,0.1399986648559568
3705,1.6699971389770505
3706,14.949999138712883
3707,1.6499971389770505
3708,1.4799984264373771
3709,14.119999326467514
3710,15.699997782707214
3711,0.9099979019165036
3712,1.7699974250793453
3713,17.039996733665465
3714,15.699997782707214
3715,4.039997520446777
3716,2.769995994567871
3717,2.2599973297119136
3718,4.899996042251587
3719,14.489999117851257
3720,4.609309469698048
3721,14.89999873638153
3722,15.60999759197235
3723,15.149998754262924
3724,2.199997186660763
3725,16.799997037649156
3726,16.019997591972352
3727,18.08999597072601
3728,15.559997973442078
3729,1.229997520446777
3730,13.679998927116394
3731,14.78999873638153
3732,16.09999701976776
3733,2.9899974727630614
3734,18.149995970726014
3735,14.839998545646667
3736,1.4802150681731028
3737,17.11999692440033
3738,17.269996942281722
3739,14.67999913573265
3740,16.339997210502624
3741,0.1499989032745359
3742,17.199996849894525
3743,14.489999117851257
3744,2.3399963760375972
3745,15.809997782707214
3746,3.74999623298645
3747,16.479997612833976
3748,14.999997794628143
3749,4.261389238755026
3750,2.989997377395629
3751,15.819997782707214
3752,2.499997425079345
3753,2.019996757507324
3754,2.189996566772461
3755,15.789997413158417
3756,0.7899981403350826
3757,17.199996542930602
3758,17.47999636411667
3759,17.609996560811997
3760,15.90999759197235
3761,0.15999918937683066
3762,5.519996829032897
3763,17.309996733665468
3764,2.529996423721313
3765,16.21999740123749
3766,15.609998182058334
3767,2.126443814492359
3768,14.379999517202377
3769,16.22999701976776
3770,4.197555717639223
3771,13.520000071525574
3772,4.529996900558471
3773,14.489998557567596
3774,17.889995970726012
3775,15.379997973442077
3776,16.05999759197235
3777,3.939995326995849
3778,17.229996656179427
3779,17.159996656179427
3780,11.669998566508292
3781,14.959999138712883
3782,3.8799960422515865
3783,17.249996754527093
3784,16.91999692440033
3785,0.5827610794117684
3786,1.893143476470288
3787,14.889998944997787
3788,3.0999968051910396
3789,17.349996942281724
3790,14.529999326467514
3791,1.0999981880187986
3792,4.509994993209839
3793,13.73999988079071
3794,1.47072464297869
3795,14.299998754262923
3796,14.519999326467515
3797,14.929998944997788
3798,16.569996840953827
3799,0.859072885694866
3800,0.049999618530273196
3801,3.329996376037597
3802,15.599997401237488
3803,17.329996733665467
3804,1.0999977111816404
3805,0.3999977111816371
3806,1.5999963283538785
3807,0.5999979972839322
3808,15.389998372793197
3809,0.049997663497921264
3810,16.949996560811996
3811,1.539998092651366
3812,13.810000283122063
3813,14.949998944997787
3814,16.85999694228172
3815,16.61999722838402
3816,16.259997609853745
3817,17.859996370077134
3818,0.7699979019165035
3819,18.31999577999115
3820,2.5999956130981414
3821,1.3999969959259
3822,16.609997228384017
3823,15.249998757243157
3824,16.97999684691429
3825,18.169995970726013
3826,2.1099984741210935
3827,16.509996829032897
3828,17.75999598264694
3829,15.489997401237487
3830,16.12999740123749
3831,1.8146563841680425
3832,0.6899980926513669
3833,13.810000089406968
3834,16.049997800588606
3835,0.9775159970799212
3836,14.569997609853743
3837,4.039997043609619
3838,15.109997782707214
3839,16.34999703168869
3840,15.91999759197235
3841,16.589997228384018
3842,17.109996849894525
3843,16.81999723136425
3844,4.869997234344482
3845,14.659998354911803
3846,1.7917414037059018
3847,15.879997782707214
3848,15.149997973442078
3849,1.0999979496002195
3850,1.799997985363003
3851,4.2673469188967985
3852,4.028998706733106
3853,2.609996662139892
3854,14.56999873638153
3855,3.8495969803222394
3856,0.7098219549030034
3857,0.3914449695941564
3858,16.29999722838402
3859,17.309996942281725
3860,14.549999117851257
3861,15.539998182058333
3862,13.959999898672104
3863,1.5999965667724578
3864,14.109999499320985
3865,2.049492969540821
3866,3.520820341302208
3867,16.849997037649153
3868,2.5399969005584713
3869,15.089998354911804
3870,15.629996638298033
3871,14.929998944997788
3872,12.269998182058332
3873,0.4051624227331148
3874,-1.4305114781273942e-06
3875,2.4699973773956296
3876,17.159996745586394
3877,16.049997413158415
3878,17.21999692440033
3879,17.179996656179426
3880,17.749996560811997
3881,17.74999635219574
3882,15.80999799132347
3883,15.449998372793198
3884,15.589997973442077
3885,17.309996554851534
3886,18.119995607137678
3887,17.77999675452709
3888,16.73999692440033
3889,17.189996554851533
3890,15.989997800588608
3891,0.4899994754791257
3892,15.63999799132347
3893,14.219997973442076
3894,14.659998927116394
3895,1.0799977111816403
3896,15.21999856352806
3897,16.579996829032897
3898,3.519996805191039
3899,1.794199162174612
3900,17.689996352195738
3901,16.35999675154686
3902,14.649999135732651
3903,3.9199962806701656
3904,14.75999816417694
3905,3.939995326995849
3906,17.769996754527092
3907,1.4401798663308296
3908,3.8599962806701655
3909,0.14142050712189413
3910,16.259997228384016
3911,16.689996638298034
3912,0.6899979019165035
3913,17.239996364116667
3914,15.639997591972351
3915,15.599998182058334
3916,14.489999326467514
3917,3.3299970912933343
3918,3.70999623298645
3919,0.42999876022338834
3920,15.549997973442078
3921,16.13999741911888
3922,3.775277211074979
3923,1.5769157675126086
3924,3.5199957084655757
3925,15.669996373057362
3926,16.759996751546858
3927,2.5699973773956293
3928,17.58999635219574
3929,16.44999701976776
3930,4.039996328353881
3931,16.729996638298033
3932,16.95999692440033
3933,16.549997019767762
3934,16.949996638298035
3935,3.779644195780386
3936,16.029997800588607
3937,17.519996945261955
3938,16.84999723136425
3939,15.769997782707215
3940,16.25999780356884
3941,16.469997040629387
3942,1.458297562002032
3943,14.669998927116394
3944,17.349996554851533
3945,14.789998557567596
3946,16.21999740123749
3947,13.989999898672103
3948,2.409996900558471
3949,4.5099947547912596
3950,15.249998563528061
3951,14.759998757243157
3952,17.269996942281722
3953,16.98999684691429
3954,2.529996662139892
3955,17.839996370077134
3956,15.879998185038566
3957,18.129995970726014
3958,15.279998354911804
3959,17.03999665617943
3960,14.759998927116394
3961,1.7002100451341633
3962,3.7499955177307127
3963,3.899995326995849
3964,1.169997520446777
3965,3.4999957084655757
3966,0.3499978542327846
3967,-0.12000114440917996
3968,17.60999635219574
3969,17.039996849894525
3970,14.929998736381531
3971,3.66999623298645
3972,14.269997973442077
3973,2.5999976158142086
3974,14.379999517202377
3975,15.439998164176941
3976,17.859996370077134
3977,0.5105796447154283
3978,2.52999713897705
3979,14.569999138712882
3980,14.35999930858612
3981,16.7799965429306
3982,14.949998754262925
3983,3.7099955177307127
3984,2.239997520446777
3985,17.10999684989452
3986,2.1299965667724603
3987,16.769996733665465
3988,1.516996441324166
3989,15.319998354911805
3990,1.5999978065490688
3991,15.10999894797802
3992,3.5013059565597286
3993,1.8845032055209452
3994,14.729997401237487
3995,17.61999675154686
3996,17.13999692440033
3997,2.149997520446777
3998,1.0599986648559567
3999,3.959996757507324
4000,16.98999684691429
4001,17.47999636411667
4002,17.48999635219574
4003,-0.9600003814697269
4004,16.109997401237486
4005,3.8799967575073238
4006,3.9199960422515865
4007,13.089997782707211
4008,3.7099955177307127
4009,0.5999989509582485
4010,16.909996638298033
4011,1.7499975681304896
4012,14.119999499320985
4013,14.859995803833005
4014,0.7999984264373774
4015,14.05999759197235
4016,1.0999977111816404
4017,16.639997037649156
4018,3.839996995925903
4019,16.799996542930604
4020,1.8399969482421872
4021,14.239998182058333
4022,1.1742797183387357
4023,16.75999684691429
4024,3.479996423721313
4025,3.620188155001994
4026,14.579998557567595
4027,1.6663581651011852
4028,2.209996566772461
4029,3.7299962329864496
4030,15.529998372793198
4031,14.96999856352806
4032,1.9609188337434253
4033,1.3523688096005735
4034,3.3499958992004393
4035,3.432448678274364
4036,4.539995470046997
4037,13.5400000923872
4038,16.199997228384017
4039,17.549996560811998
4040,2.7999968528747528
4041,13.789999690055847
4042,16.02999759197235
4043,15.199998372793198
4044,16.739996650218963
4045,16.629997228384017
4046,17.999996370077135
4047,17.3999965429306
4048,4.789997043609619
4049,17.179996745586394
4050,13.69999684691429
4051,17.11999692440033
4052,1.099999141693115
4053,18.12999579191208
4054,17.189996656179428
4055,1.7359662501104198
4056,0.11999866485595678
4057,18.529995797872544
4058,-0.8000001907348668
4059,-0.20000195503235205
4060,15.399998372793197
4061,1.291852178389196
4062,15.569997973442078
4063,17.369996554851532
4064,3.6799965190887445
4065,0.1636215357639652
4066,17.939996370077132
4067,13.649997591972351
4068,15.46999816417694
4069,16.059997800588608
4070,16.379997210502623
4071,5.039997043609619
4072,0.9999979019165004
4073,2.1499971866607632
4074,3.8799967575073238
4075,16.829997037649154
4076,14.159999308586121
4077,14.529998939037323
4078,4.539996185302734
4079,4.056883812342188
4080,1.929996995925903
4081,17.4199965429306
4082,16.009997800588607
4083,3.539996185302734
4084,1.6499971389770505
4085,15.319998563528062
4086,17.56999635219574
4087,14.43999952018261
4088,14.269999117851258
4089,16.429997210502624
4090,2.0672667245578884
4091,17.47999675154686
4092,16.21999741911888
4093,15.669998182058334
4094,17.59999675154686
4095,13.749998944997786
4096,17.119996745586395
4097,17.26999655485153
4098,17.05999692440033
4099,15.03999894797802
4100,16.729996942281723
4101,15.559997973442078
4102,4.649996709823608
4103,14.53999913573265
4104,15.619998375773429
4105,4.359997615814208
4106,17.789996560811996
4107,18.319995601177215
4108,14.76999816417694
4109,0.1499986648559568
4110,15.709998185038566
4111,14.689998736381531
4112,18.35999577999115
4113,17.689996352195738
4114,3.909996995925903
4115,14.25999930858612
4116,15.89999799132347
4117,14.169999499320983
4118,18.019995988607405
4119,3.486117147487942
4120,14.149997413158415
4121,16.619997019767762
4122,3.72999623298645
4123,15.119998754262925
4124,16.96999693632126
4125,14.63999873638153
4126,16.089997609853743
4127,18.16999617934227
4128,3.9199962806701656
4129,18.299996182322502
4130,2.2599975681304927
4131,17.4199965429306
4132,14.899997612833975
4133,15.799997800588608
4134,15.709997210502625
4135,15.909997800588608
4136,16.309997419118883
4137,17.499996945261955
4138,15.04999856352806
4139,4.025257177091273
4140,16.269997609853746
4141,16.099997994303703
4142,1.8199986171722409
4143,1.784552440758043
4144,17.409996942281722
4145,14.789999138712883
4146,17.199996745586397
4147,13.989999898672103
4148,14.54999952018261
4149,2.0299977111816405
4150,15.749996751546858
4151,18.48999520778656
4152,4.055964736382759
4153,3.479996185302734
4154,2.1999968051910397
4155,2.599996185302734
4156,16.47999741911888
4157,16.759996829032897
4158,4.239997985363006
4159,16.799997037649156
4160,18.319995601177215
4161,2.22999680519104
4162,14.929998354911804
4163,3.9399960422515865
4164,14.379999326467514
4165,14.699998748302459
4166,13.269997973442075
4167,17.409996942281722
4168,3.9199958038330074
4169,3.1899970912933346
4170,0.14999599456786755
4171,14.929998736381531
4172,1.19038527095264
4173,-2.622604373669901e-06
4174,18.16999579191208
4175,3.8599962806701655
4176,14.789999138712883
4177,16.56999701976776
4178,2.759996471405029
4179,3.9399960422515865
4180,2.579996423721313
4181,1.0699975204467769
4182,1.2699982357025144
4183,0.15999866485595682
4184,14.329999308586121
4185,1.2172889562027713
4186,2.559998569488525
4187,14.179999117851256
4188,3.369996376037597
4189,1.0499972820281946
4190,16.579996840953825
4191,16.179997401237486
4192,18.149995970726014
4193,0.6999980926513669
4194,17.389996733665466
4195,13.959999690055847
4196,17.349996554851533
4197,15.309998372793197
4198,2.5099973773956297
4199,14.139999499320984
4200,3.484684297484427
4201,0.8499967098236049
4202,1.5699976158142086
4203,0.6499965667724574
4204,2.3999969959258998
4205,16.269997210502623
4206,2.029996757507324
4207,2.0499968409538236
4208,5.059995136260985
4209,17.359996542930602
4210,0.7999975681304896
4211,15.989997800588608
4212,1.349997234344479
4213,0.8991835842375087
4214,3.9999963283538813
4215,2.491506305516518
4216,0.299997472763058
4217,0.3699982833862301
4218,-0.8000016212463414
4219,4.289996638298033
4220,15.469997612833977
4221,14.33999930858612
4222,0.5999965667724579
4223,17.649996560811996
4224,0.1499989032745359
4225,3.5672519376400684
4226,0.949997758865353
4227,1.599997758865353
4228,18.0399961823225
4229,4.183719048920899
4230,0.39999747276305797
4231,3.4199976634979246
4232,15.73999799132347
4233,0.1399986648559568
4234,0.5999987125396696
4235,16.77999665915966
4236,18.49999560713768
4237,3.1899960899353026
4238,15.55999760389328
4239,1.6924369165474666
4240,0.9999980926513637
4241,3.8223424851228414
4242,13.72999873638153
4243,14.489999117851257
4244,15.06999816417694
4245,14.109998939037323
4246,17.219996364116668
4247,15.429998164176942
4248,15.469998182058333
4249,16.58999723136425
4250,16.229997609853744
4251,2.289997615814207
4252,14.509998927116394
4253,3.9199965190887447
4254,15.189998372793198
4255,2.8899967575073235
4256,14.86999873638153
4257,16.099996757507324
4258,3.6899959945678704
4259,14.57999873638153
4260,16.98999684691429
4261,0.11999942779540973
4262,4.769997800588607
4263,14.149999499320984
4264,14.809998944997787
4265,4.011860011340964
4266,17.5799965429306
4267,15.80999799132347
4268,16.81999723136425
4269,12.55999779462814
4270,2.529996662139892
4271,16.829997037649154
4272,14.319999129772187
4273,14.62999873638153
4274,4.98999680519104
4275,16.209997401237487
4276,17.209996656179428
4277,0.599997997283932
4278,-2.8000029087066673
4279,14.37999930858612
4280,1.9689756514097594
4281,1.4296760392971724
4282,3.249996137619018
4283,17.19999665617943
4284,3.1599984741210934
4285,17.49999675154686
4286,14.129999499320984
4287,17.769996560811997
4288,15.47999816417694
4289,-3.80000333786011
4290,15.649998182058335
4291,16.7999968290329
4292,12.530000089406967
4293,3.5999963283538783
4294,-0.450003862380984
4295,4.319997973442077
4296,1.5299989032745347
4297,3.7299962329864496
4298,3.7299962329864496
4299,1.5999965667724574
4300,3.7099969482421873
4301,18.509995589256288
4302,3.3499958992004393
4303,-1.4305114781620887e-06
4304,15.499997228384018
4305,1.5999970436096156
4306,3.749995994567871
4307,2.802827192548915
4308,-9.250001525878908
4309,3.7699954700469953
4310,0.39999628067016246
4311,-3.6500027656555196
4312,-0.9000030517578149
4313,2.7399974250793453
4314,1.2015472349564693
4315,16.149996560811996
4316,4.509996328353881
4317,-2.1457672149376855e-06
4318,4.009996423721312
4319,14.559997973442076
4320,14.33999856352806
4321,17.499996542930603
4322,14.099997985363006
4323,16.009997222423554
4324,1.5117349833285927
4325,14.619998944997787
4326,1.0499981880187985
4327,0.1399986648559568
4328,16.569997037649156
4329,3.8999974727630615
4330,3.6499971866607663
4331,13.739999117851257
4332,14.449998944997787
4333,1.622997303972963
4334,2.3299982833862303
4335,1.7499966144561734
4336,0.2199977111816396
4337,14.869998754262925
4338,2.489996662139892
4339,15.859997401237488
4340,13.579997401237488
4341,16.45999741911888
4342,4.61117003851514
4343,17.179996656179426
4344,15.429997609853745
4345,3.859995326995849
4346,1.019562217020255
4347,-0.24000095367431662
4348,13.010000089406967
4349,3.559995708465576
4350,16.87999675154686
4351,17.77999598264694
4352,13.499999129772185
4353,4.509994993209839
4354,1.3098292243842125
4355,15.38999816417694
4356,3.7599985456466674
4357,15.739997782707214
4358,-0.20000195503235213
4359,16.309997210502626
4360,14.779997800588607
4361,15.729996829032897
4362,-0.27000133514404356
4363,4.559280290346405
4364,2.9299969959259027
4365,16.59999723136425
4366,1.056237018724486
4367,3.839996995925903
4368,17.15999692440033
4369,3.3499961376190184
4370,1.7657608411953452
4371,1.9606446451259611
4372,17.399995970726014
4373,14.11999930858612
4374,15.629997973442078
4375,14.75999894797802
4376,3.8799955654144282
4377,3.8399965190887446
4378,3.019997758865356
4379,15.179997401237486
4380,3.7299955177307123
4381,3.379996900558471
4382,15.379997806549072
4383,18.189995970726013
4384,3.1399963283538814
4385,15.339997973442077
4386,3.939995326995849
4387,15.05999759197235
4388,14.979998754262924
4389,13.969999499320984
4390,2.75999623298645
4391,17.899995982646942
4392,16.36999741911888
4393,2.9799980926513667
4394,0.3999976634979223
4395,14.129999901652337
4396,17.759995988607407
4397,15.439998182058334
4398,3.251686526867526
4399,15.77999760389328
4400,18.189996373057365
4401,4.959996852874755
4402,17.97999637007713
4403,3.9609393571173626
4404,16.53999675154686
4405,3.9399960422515865
4406,16.439997210502625
4407,2.609996423721313
4408,15.859997800588607
4409,1.599997997283932
4410,15.389997782707214
4411,16.409997210502624
4412,16.21999741911888
4413,14.709998757243156
4414,16.459997612833977
4415,4.3812284144117175
4416,15.289998372793198
4417,0.6999980926513669
4418,15.19999856352806
4419,2.8199981403350822
4420,16.559997037649154
4421,17.15999692440033
4422,14.759998754262924
4423,14.90999856352806
4424,15.34999759197235
4425,3.1399995172023774
4426,15.129997985363007
4427,15.77999701976776
4428,16.91999665617943
4429,14.719998944997787
4430,16.599997019767763
4431,16.36999741911888
4432,1.4547439596393632
4433,14.919997800588607
4434,16.829997037649154
4435,17.5799965429306
4436,2.159998044967651
4437,15.449998372793198
4438,17.369996733665467
4439,16.809996829032897
4440,16.44999741911888
4441,15.659997782707213
4442,17.03999692440033
4443,13.949999690055847
4444,15.649997210502624
4445,16.449997210502623
4446,14.239998545646667
4447,17.749996754527093
4448,0.1399986648559568
4449,16.859997037649155
4450,15.659997782707213
4451,16.149997609853745
4452,0.7811496639069992
4453,3.8599967575073237
4454,3.9839686056264667
4455,1.2403357373617494
4456,15.309997794628144
4457,17.159996745586394
4458,16.8399968290329
4459,2.1299972820281976
4460,3.909996519088745
4461,17.22999665915966
4462,15.519997782707215
4463,16.209997609853744
4464,16.819996656179427
4465,17.12999694228172
4466,16.689996829032896
4467,16.42999741911888
4468,17.009997040629386
4469,3.169997615814208
4470,17.19999665617943
4471,14.409998760223388
4472,17.059996560811996
4473,16.049997413158415
4474,17.59999675154686
4475,16.319996942281723
4476,17.179996656179426
4477,1.3599973297119137
4478,15.20999856352806
4479,2.3999963760375973
4480,15.889997401237487
4481,14.079998545646667
4482,4.27999566078186
4483,16.55999701976776
4484,3.9199962806701656
4485,14.549999326467514
4486,15.849997991323471
4487,14.199999129772186
4488,15.649997973442078
4489,4.619996757507324
4490,3.3299973297119134
4491,15.719997401237487
4492,3.979997568130493
4493,15.019998754262923
4494,15.56999799132347
4495,1.620814938073871
4496,4.899997043609619
4497,3.8999965190887447
4498,1.9751138404573603
4499,16.80999635219574
4500,3.629995994567871
4501,16.379996924400327
4502,15.469998372793198
4503,17.899995982646942
4504,14.889998944997787
4505,16.989997040629387
4506,3.2899970912933343
4507,1.6202852474982532
4508,16.40999741911888
4509,5.149996662139892
4510,14.829998944997786
4511,3.8799965190887447
4512,1.8343072580019968
4513,16.50999684691429
4514,0.3299987125396726
4515,18.00999617934227
4516,1.5999972820281947
4517,4.643062386897914
4518,16.19999740123749
4519,16.999996846914293
4520,15.739997800588608
4521,3.369996614456176
4522,16.079997800588608
4523,3.9399958038330074
4524,2.309997329711914
4525,16.169997609853745
4526,15.949997800588608
4527,15.68999759197235
4528,15.579997973442078
4529,3.839995326995849
4530,3.3099963760375974
4531,17.16999665617943
4532,16.23999740123749
4533,17.709996560811994
4534,14.09999970793724
4535,2.049997234344482
4536,16.789996650218963
4537,17.55999675154686
4538,14.709998182058333
4539,3.189999129772186
4540,15.49999780356884
4541,17.369996733665467
4542,4.239996376037597
4543,0.14999766349792126
4544,0.14999718666076314
4545,17.909995970726012
4546,1.5899976158142086
4547,14.889998944997787
4548,16.84999684691429
4549,13.8800000923872
4550,16.359996846914292
4551,14.159997782707213
4552,16.89999665617943
4553,3.375190877132802
4554,16.409997210502624
4555,15.689998182058334
4556,16.639997019767762
4557,14.739998927116394
4558,15.489998372793197
4559,15.019997973442077
4560,14.569999117851257
4561,1.0999979496002195
4562,3.8657640394253048
4563,15.539996656179426
4564,4.509995708465576
4565,15.569997609853743
4566,3.18999680519104
4567,16.98999693632126
4568,1.9199431549076327
4569,15.05999816417694
4570,15.669998182058334
4571,17.78999635219574
4572,15.769998185038567
4573,14.93999856352806
4574,17.039996846914292
4575,13.939999898672104
4576,17.79999637007713
4577,1.6899904145294955
4578,15.849997782707215
4579,4.791157890515833
4580,17.019996638298036
4581,17.899995988607404
4582,16.45999741911888
4583,17.219996849894525
4584,1.5928774828234311
4585,16.969996638298035
4586,15.759997800588607
4587,12.449997419118878
4588,17.029996638298034
4589,15.169998563528061
4590,14.35999930858612
4591,16.719997037649154
4592,16.539997228384017
4593,2.9699962806701654
4594,4.489994754791259
4595,15.079998754262924
4596,3.059997758865356
4597,1.0099977111816403
4598,16.409997210502624
4599,16.23999665617943
4600,0.8999981403350827
4601,15.47999760389328
4602,17.05999692440033
4603,15.79999799132347
4604,15.11999760389328
4605,1.6499976158142087
4606,17.119996656179428
4607,14.969997782707214
4608,15.989997401237488
4609,14.969998545646668
4610,3.7199962329864498
4611,4.189997568130493
4612,2.089997282028198
4613,15.179998354911804
4614,13.810000283122063
4615,2.769996471405029
4616,16.549996840953828
4617,15.469998182058335
4618,14.67999913573265
4619,16.47999722838402
4620,14.659998927116394
4621,14.309999517202378
4622,18.409995797872543
4623,16.789996829032898
4624,1.099999380111694
4625,0.009998664855956702
4626,5.269994945526123
4627,2.2838317680185463
4628,15.799997591972351
4629,2.5999966621398922
4630,16.849997037649153
4631,2.029996757507324
4632,2.4699966621398923
4633,15.679997973442077
4634,2.8499977111816404
4635,16.229997037649156
4636,1.249997472763058
4637,18.129996373057367
4638,3.8999965190887447
4639,18.549995797872544
4640,3.819332998185185
4641,14.719998545646668
4642,15.98999780356884
4643,4.476985913510709
4644,3.1699970436096185
4645,14.849998736381531
4646,2.025865363284651
4647,16.529997019767762
4648,15.739997800588608
4649,17.229996849894523
4650,15.88999799132347
4651,14.769998757243156
4652,2.2999970912933345
4653,1.8356662879327428
4654,17.399996364116667
4655,17.239996364116667
4656,2.8999984741210936
4657,1.3201945363130667
4658,14.869998557567596
4659,17.019996924400328
4660,15.609997973442077
4661,14.779998354911804
4662,1.3590021142213986
4663,17.579996751546858
4664,2.5999973773956295
4665,15.149998754262924
4666,14.88999873638153
4667,0.6399979019165034
4668,16.28999780356884
4669,17.64999635219574
4670,15.529997222423553
4671,0.5824623828339595
4672,3.3099961376190183
4673,1.0680033445806503
4674,15.549997973442078
4675,14.549999326467514
4676,16.199996829032898
4677,14.849998736381531
4678,15.709997782707214
4679,15.099997794628143
4680,16.429996924400328
4681,17.749996173381806
4682,14.919997210502624
4683,3.2416845593559582
4684,15.26999856352806
4685,3.689995994567871
4686,16.03999740123749
4687,14.579999326467513
4688,14.829998944997786
4689,14.58999874830246
4690,14.129998372793196
4691,16.59999722838402
4692,15.419997973442078
4693,1.7899969482421871
4694,14.149999499320984
4695,16.259997210502625
4696,14.719999135732651
4697,17.019996638298036
4698,16.299996829032896
4699,13.299996840953824
4700,15.669997991323472
4701,17.439996945261957
4702,3.499996423721313
4703,14.929998944997788
4704,15.889997609853744
4705,18.489995416402817
4706,2.9399965190887447
4707,15.839997401237488
4708,14.979998757243155
4709,15.17999816417694
4710,16.259997228384016
4711,1.199997186660763
4712,16.609997228384017
4713,16.62999701976776
4714,-1.6689300572636512e-06
4715,16.41999701976776
4716,15.45999701976776
4717,15.389997994303702
4718,2.779999129772186
4719,14.459998927116393
4720,16.789997037649155
4721,13.849996846914289
4722,1.6999960422515834
4723,2.5999966621398922
4724,3.2399971866607657
4725,15.35999741911888
4726,3.437519536539489
4727,3.8999962806701656
4728,17.369995970726013
4729,2.3799963760375973
4730,2.5999966621398922
4731,15.449997973442077
4732,15.379998372793198
4733,17.00999684691429
4734,18.35999560713768
4735,17.199996745586397
4736,15.499998182058334
4737,17.499996945261955
4738,15.959997210502625
4739,12.289998185038563
4740,15.259997615814209
4741,16.609996638298036
4742,17.089996942281722
4743,15.489998372793197
4744,16.629997228384017
4745,14.299999517202377
4746,16.539997228384017
4747,15.919997234344482
4748,14.729999135732651
4749,15.889997210502624
4750,1.0199979496002194
4751,16.93999684691429
4752,16.259997222423554
4753,2.599996423721313
4754,4.849997413158417
4755,1.5899983787536616
4756,4.159997806549072
4757,15.239997609853743
4758,14.29999817609787
4759,17.939996161460876
4760,15.629997419118881
4761,16.419997228384016
4762,15.889997222423553
4763,1.4099973297119137
4764,16.329997210502626
4765,14.979998545646668
4766,16.68999723136425
4767,14.569997031688688
4768,16.659997228384018
4769,17.62999635219574
4770,17.369996733665467
4771,17.97999637007713
4772,3.2930534938732596
4773,14.11999930858612
4774,16.089997401237486
4775,17.499996542930603
4776,16.929996638298036
4777,0.07999866485595677
4778,16.96999684691429
4779,16.359997210502623
4780,14.359999517202377
4781,3.709995994567871
4782,15.869997991323471
4783,15.349998182058334
4784,0.5999980449676479
4785,15.139997037649152
4786,5.04999680519104
4787,0.9099979019165036
4788,16.29999741911888
4789,17.19999665617943
4790,1.7295780135087975
4791,14.729998927116394
4792,13.579997037649152
4793,17.97999637007713
4794,14.849998944997788
4795,3.8954334615506694
4796,16.069997609853743
4797,14.219998927116393
4798,17.189996849894523
4799,17.42999665915966
4800,16.36999741911888
4801,14.449998939037323
4802,15.029998754262925
4803,16.629997228384017
4804,16.039997994303704
4805,16.159997609853743
4806,2.3899963760375975
4807,15.58999837577343
4808,2.8899962806701653
4809,17.049996638298033
4810,14.219998566508293
4811,1.7234265356698637
4812,16.039997609853746
4813,15.11999856352806
4814,14.339999517202378
4815,17.21999692440033
4816,2.009997949600219
4817,15.279996733665465
4818,3.70999623298645
4819,13.800000089406968
4820,15.459998164176941
4821,2.599996185302734
4822,3.6499959945678704
4823,3.8099983549118037
4824,15.27999856352806
4825,15.269997991323471
4826,3.3099961376190183
4827,13.9600000923872
4828,1.7999975681304898
4829,-0.05000185966492049
4830,18.079995988607408
4831,1.6778538938328587
4832,16.319996942281723
4833,17.99999560713768
4834,1.4599973297119138
4835,17.539996542930602
4836,14.879998944997787
4837,16.539996829032898
4838,16.579997228384016
4839,14.929998736381531
4840,3.5768794080046664
4841,4.219998372793198
4842,15.689997991323471
4843,16.609997228384017
4844,17.729996560811998
4845,15.639998182058335
4846,3.0599970436096187
4847,16.829996849894524
4848,17.179996745586394
4849,16.209997401237487
4850,2.5899971389770506
4851,15.279998372793198
4852,0.03999866485595671
4853,15.429996829032897
4854,15.569998182058335
4855,2.999996662139889
4856,15.789996638298033
4857,15.719998182058335
4858,17.07999692440033
4859,13.459998736381529
4860,16.159997609853743
4861,16.7699968290329
4862,15.909997782707215
4863,17.959996563792227
4864,13.799999499320984
4865,15.059996829032897
4866,16.459997612833977
4867,15.29999856352806
4868,14.29999913573265
4869,2.3470219708319098
4870,16.42999741911888
4871,14.219999129772185
4872,16.079997994303703
4873,2.5999966621398922
4874,2.7699969482421873
4875,4.559997413158416
4876,0.9399973297119124
4877,3.259998331069946
4878,17.209996849894523
4879,14.829998557567597
4880,3.2629894724964803
4881,2.5999969005584713
4882,3.689995517730712
4883,3.289996376037597
4884,14.639997985363006
4885,14.809998372793197
4886,17.28999665915966
4887,4.509996423721313
4888,14.389998354911803
4889,4.193449172844752
4890,17.399996733665468
4891,14.56999952018261
4892,4.399995803833004
4893,1.697159177858776
4894,15.479998372793197
4895,16.31999741911888
4896,17.18999692440033
4897,17.36999665915966
4898,14.979998545646668
4899,16.47999692440033
4900,3.169998950958252
4901,1.5999968051910367
4902,2.739996709823608
4903,2.679996471405029
4904,2.1299987602233874
4905,16.98999684691429
4906,3.1499979972839354
4907,3.6699955177307126
4908,2.0999976038932764
4909,16.059997228384017
4910,11.439996733665465
4911,15.279998182058334
4912,13.279999517202377
4913,15.81999760389328
4914,14.919998944997788
4915,4.109995851516723
4916,15.999996161460874
4917,16.43999703168869
4918,16.7999968290329
4919,17.24999597072601
4920,16.30999741911888
4921,17.14999665617943
4922,1.5088717279511026
4923,17.689996352195738
4924,15.71999760389328
4925,17.07999692440033
4926,16.429997210502624
4927,16.269997210502623
4928,17.919996370077133
4929,14.19999930858612
4930,16.859996745586393
4931,16.50999722838402
4932,14.78999856352806
4933,0.1399989032745359
4934,0.8999979019165036
4935,14.73999873638153
4936,16.7699968290329
4937,0.38042351239445726
4938,17.59999675154686
4939,2.6899991297721857
4940,15.84999780356884
4941,16.7499968290329
4942,14.339999517202378
4943,1.8607719040531003
4944,2.0129726935717285
4945,1.9149886987972085
4946,14.589998736381531
4947,16.00999759197235
4948,16.04999741911888
4949,13.8600000923872
4950,14.599998927116394
4951,1.6082754597589342
4952,15.08999894797802
4953,15.829998185038567
4954,17.189996656179428
4955,3.0599978542327877
4956,17.09999692440033
4957,17.369996733665467
4958,2.8299962806701657
4959,4.043436919751933
4960,3.189997520446777
4961,15.849997991323471
4962,2.1699972343444807
4963,4.450248412027895
4964,0.6499976634979215
4965,1.5409129947213487
4966,17.939995803833007
4967,16.739997037649154
4968,16.239997037649154
4969,16.7699968290329
4970,16.399997210502626
4971,14.549999326467514
4972,4.542767531678883
4973,14.459999117851257
4974,1.4171054636937785
4975,14.479998927116394
4976,1.8331240222953853
4977,1.7205744719532674
4978,16.779997037649153
4979,15.849997401237488
4980,3.5761264645455433
4981,17.579996364116667
4982,0.3299984741210935
4983,15.999997019767761
4984,15.88999799132347
4985,3.7469875140397852
4986,16.24999780356884
4987,0.10999866485595677
4988,15.109998754262925
4989,0.7584341268593351
4990,4.819996757507324
4991,16.84999684691429
4992,3.989997520446777
4993,16.02999703168869
4994,14.21999930858612
4995,15.869997991323471
4996,16.089997609853743
4997,18.139995988607406
4998,17.19999665617943
4999,2.5999966621398922
5000,4.3188561037594795
5001,18.139995601177215
5002,14.149999499320984
5003,3.9599962806701656
5004,16.849997040629386
5005,14.249998754262924
5006,16.039997210502623
5007,16.789996829032898
5008,2.4699964237213132
5009,17.209996656179428
5010,3.1399960899353023
5011,17.099996942281724
5012,14.159999517202378
5013,4.049912617665718
5014,16.859996829032898
5015,16.25999703168869
5016,16.669997037649154
5017,17.64999635219574
5018,17.39999665915966
5019,2.489997377395629
5020,16.089997222423552
5021,2.0031007647829857
5022,18.359995988607405
5023,18.359995988607405
5024,17.12999675154686
5025,0.6499978542327846
5026,3.1399982357025147
5027,1.3999972343444793
5028,1.199997186660763
5029,13.789996656179426
5030,1.0999971866607632
5031,2.5999960899352996
5032,16.849996638298034
5033,14.729999135732651
5034,1.099996948242184
5035,16.539996829032898
5036,16.099997800588607
5037,16.71999665617943
5038,13.919996846914291
5039,0.9292585614023599
5040,16.349996662139894
5041,4.701132193376291
5042,17.589996945261955
5043,17.179996924400328
5044,2.6399976634979243
5045,17.17999656677246
5046,16.159997609853743
5047,2.3799963760375973
5048,15.529998372793198
5049,13.449998372793196
5050,3.1199960899353023
5051,14.549999117851257
5052,16.809997037649154
5053,3.479996423721313
5054,16.63999722838402
5055,15.509998372793198
5056,16.989996638298035
5057,15.959997210502625
5058,0.1499986648559568
5059,14.579998566508293
5060,17.5599965429306
5061,14.569999326467514
5062,14.999998754262924
5063,1.5565328392272866
5064,1.969997997283935
5065,2.4099978065490717
5066,16.189997401237488
5067,17.959996161460875
5068,18.279995988607407
5069,17.399996942281724
5070,16.04999759197235
5071,3.369995899200439
5072,16.59999684095383
5073,15.849997994303703
5074,16.81999723136425
5075,0.6899982833862304
5076,17.199996745586397
5077,14.07999932050705
5078,16.5499968290329
5079,14.919998754262924
5080,2.199997413158413
5081,16.089997222423552
5082,14.629998366832734
5083,18.929995416402818
5084,14.789998164176941
5085,14.919998944997788
5086,15.669997782707213
5087,17.179996656179426
5088,18.819995225667952
5089,17.689996560811995
5090,1.6599986171722407
5091,0.9819483445227131
5092,18.459995607137678
5093,1.0099981880187985
5094,-2.350001335144046
5095,3.648383453572081
5096,17.15999692440033
5097,16.42999741911888
5098,16.349997210502625
5099,14.199999117851258
5100,5.399996662139892
5101,15.329998563528061
5102,0.1399986648559568
5103,18.3199961823225
5104,0.7470118481562393
5105,13.590000071525573
5106,14.199998927116393
5107,16.419996650218962
5108,14.539999326467514
5109,15.139998566508293
5110,15.79999780356884
5111,15.339998563528061
5112,4.4999964237213135
5113,15.639997973442078
5114,15.69999759197235
5115,1.7899989509582506
5116,17.089996656179427
5117,14.929998736381531
5118,5.05999680519104
5119,2.5499966621398924
5120,15.409998372793197
5121,-0.17000114440918002
5122,17.539996542930602
5123,1.638232469004743
5124,14.069998545646666
5125,15.779996829032896
5126,13.550000071525574
5127,14.959999138712883
5128,3.2525015561788555
5129,16.939996638298034
5130,3.189348283602956
5131,16.649997228384017
5132,3.899998354911804
5133,16.529997019767762
5134,2.769999690055847
5135,2.549996185302734
5136,17.959996161460875
5137,15.969997591972351
5138,17.5599965429306
5139,14.189999499320983
5140,14.689998927116394
5141,1.0099977111816403
5142,15.319998563528062
5143,16.689996650218962
5144,17.049996656179427
5145,14.489998366832733
5146,17.30999655485153
5147,13.419997019767758
5148,-7.300001907348635
5149,16.45999665021896
5150,15.02999655485153
5151,17.61999675154686
5152,3.699998140335083
5153,16.369996840953828
5154,15.889997210502624
5155,14.729998927116394
5156,1.6899976158142087
5157,16.97999692440033
5158,16.8199968290329
5159,18.069995970726012
5160,-1.150001478195193
5161,0.3999981880187953
5162,16.719996829032898
5163,17.139996849894523
5164,14.629997985363005
5165,16.549997019767762
5166,0.3999979496002162
5167,14.649998944997787
5168,16.30999701976776
5169,14.739998927116394
5170,18.409995797872543
5171,14.919998944997788
5172,2.4299971389770505
5173,2.799996614456173
5174,14.419997591972349
5175,14.469999117851257
5176,1.3236973088491186
5177,16.449997210502623
5178,16.25999780356884
5179,3.9399965190887447
5180,1.5499970436096155
5181,16.33999741911888
5182,2.0499972343444823
5183,-0.35000228881836254
5184,12.049998557567594
5185,2.40999828338623
5186,1.64133078590958
5187,1.4966430271721305
5188,1.1999975681304897
5189,14.049998754262923
5190,13.819996733665462
5191,15.119998754262925
5192,1.7058748377594282
5193,15.879997782707214
5194,14.769997401237486
5195,16.079997800588608
5196,17.759996370077133
5197,15.069998354911803
5198,16.319997037649156
5199,2.1099965667724607
5200,17.499996542930603
5201,15.18999856352806
5202,15.829997991323472
5203,3.499997520446777
5204,16.59999722838402
5205,15.429998164176942
5206,15.439996161460874
5207,3.109760574583505
5208,13.999998944997786
5209,15.399998372793197
5210,15.419998372793197
5211,15.429997210502624
5212,14.389999710917472
5213,16.229997401237487
5214,16.229997210502624
5215,15.859997782707214
5216,16.75999723136425
5217,16.389997422099114
5218,3.7299964714050287
5219,17.249996942281722
5220,5.339996650218963
5221,15.739997782707214
5222,15.569997973442078
5223,17.959996161460875
5224,17.21999665617943
5225,17.48999675452709
5226,15.339998372793197
5227,15.099998545646667
5228,14.149997985363004
5229,14.59999913573265
5230,16.57999701976776
5231,15.439997782707215
5232,1.6499971389770505
5233,15.089997401237486
5234,3.5999965667724574
5235,15.859997991323471
5236,15.929997609853745
5237,12.169997973442074
5238,1.0899981880187986
5239,17.349996733665467
5240,16.719997037649154
5241,3.2774122997192423
5242,16.03999780356884
5243,2.1499977588653563
5244,17.979995988607406
5245,15.629997973442078
5246,12.40999913573265
5247,15.919996936321258
5248,4.440733384187619
5249,17.55999675154686
5250,14.919998944997788
5251,14.65999873638153
5252,16.109997228384017
5253,15.749997413158416
5254,15.339998372793197
5255,16.79999692440033
5256,14.439999326467515
5257,12.839997991323468
5258,16.6599968290329
5259,2.529996900558471
5260,16.89999684691429
5261,14.869997413158416
5262,15.329998757243157
5263,16.649997228384017
5264,3.369995899200439
5265,16.139997401237487
5266,4.254285592190703
5267,4.669996852874755
5268,1.409997806549072
5269,15.279998354911804
5270,17.35999694228172
5271,1.8364701859103143
5272,1.6299971389770505
5273,16.26999703168869
5274,15.149998754262924
5275,16.639997019767762
5276,11.659999326467512
5277,2.5399971389770504
5278,0.8899977111816402
5279,18.75999560713768
5280,2.005444858670672
5281,-0.19000114440918003
5282,18.949995416402817
5283,1.269998474121092
5284,3.6218755758919414
5285,2.089997758865356
5286,1.1999981403350795
5287,15.35999741911888
5288,17.739996370077133
5289,17.999996370077135
5290,14.199999707937241
5291,18.16999617934227
5292,13.999999898672105
5293,1.9999969005584681
5294,18.639995398521425
5295,13.82999970793724
5296,15.259998372793197
5297,16.269997609853746
5298,5.188555155700173
5299,16.02999759197235
5300,15.959997413158417
5301,16.44999741911888
5302,16.069997591972353
5303,16.37999741911888
5304,17.47999636411667
5305,17.899996161460876
5306,2.259998044967651
5307,4.077057736731985
5308,16.22999701976776
5309,15.569997973442078
5310,16.19999740123749
5311,18.299995988607407
5312,15.699998182058334
5313,17.009996638298034
5314,3.16999680519104
5315,4.539995946884155
5316,16.719996650218963
5317,14.16999970793724
5318,14.839998944997788
5319,16.579996840953825
5320,16.979996542930603
5321,14.689998736381531
5322,16.28999780356884
5323,17.62999617934227
5324,15.499997973442078
5325,15.079998545646667
5326,14.269997031688689
5327,17.139996656179427
5328,17.519996542930603
5329,0.7999975681304896
5330,1.8999976158142053
5331,18.929995416402818
5332,1.3134994858772617
5333,14.729998372793197
5334,1.8399974250793454
5335,13.809999880790711
5336,17.33999637007713
5337,0.9399986648559566
5338,17.199996745586397
5339,16.45999741911888
5340,0.5999984741210903
5341,1.939997234344482
5342,17.269996733665465
5343,17.56999635219574
5344,0.7776492823091747
5345,0.7999970912933314
5346,13.879998545646666
5347,-0.4000017642974889
5348,15.449997991323471
5349,-0.020001335144043342
5350,0.36894340735105047
5351,2.1499976038932767
5352,1.0720129951719968
5353,14.059998372793196
5354,0.6705682539286908
5355,14.35999930858612
5356,12.549997800588605
5357,16.139997609853744
5358,1.7599974012374853
5359,-0.450001144409183
5360,17.999996370077135
5361,17.289996733665465
5362,15.679998182058334
5363,17.979996563792227
5364,2.1099982357025144
5365,15.68999701976776
5366,0.47999741315841393
5367,17.289996733665465
5368,16.069997609853743
5369,17.779995601177216
5370,2.029918649253198
5371,16.769996656179426
5372,15.21999856352806
5373,15.669997973442078
5374,3.0699973297119136
5375,1.599997520446774
5376,15.31999816417694
5377,15.039998372793198
5378,15.439998372793198
5379,12.94999816417694
5380,16.289996924400327
5381,14.479998366832733
5382,14.989998754262924
5383,16.719996650218963
5384,13.87999930858612
5385,14.839998944997788
5386,13.569997991323469
5387,14.499999117851257
5388,1.5396409130438782
5389,16.58999635219574
5390,16.499996846914293
5391,17.689996173381804
5392,15.06999760389328
5393,14.169997973442076
5394,15.13999856352806
5395,16.399996364116667
5396,15.779997782707214
5397,17.519996542930603
5398,13.900000092387199
5399,14.44999913573265
5400,15.28999856352806
5401,14.17999970793724
5402,2.209997997283935
5403,16.819997037649156
5404,2.3999969959258998
5405,17.199996849894525
5406,14.469999117851257
5407,14.349999517202377
5408,17.919996161460876
5409,16.88999520778656
5410,3.939995326995849
5411,16.409997210502624
5412,15.099998754262923
5413,16.08999701976776
5414,3.72999623298645
5415,2.116583586667102
5416,17.349996733665467
5417,13.939999690055847
5418,3.3699968528747553
5419,16.579997228384016
5420,17.40999635219574
5421,14.699999329447746
5422,17.609995797872543
5423,1.6462444382897892
5424,16.22999780356884
5425,15.059998754262924
5426,16.369997210502625
5427,1.4920589965225968
5428,1.8691343852612268
5429,13.280000083446502
5430,3.8999960422515865
5431,15.549997973442078
5432,17.97999637007713
5433,15.79999799132347
5434,15.539997973442077
5435,16.759996650218962
5436,3.499996423721313
5437,14.279999517202377
5438,0.15999866485595682
5439,16.17999701976776
5440,16.35999703168869
5441,17.159996745586394
5442,17.899996161460876
5443,2.559998331069946
5444,14.90999817609787
5445,18.529995589256288
5446,14.799998372793198
5447,17.249996733665466
5448,14.379999517202377
5449,16.989996638298035
5450,17.18999579191208
5451,17.73999675452709
5452,3.6699976634979246
5453,14.889998944997787
5454,16.999996846914293
5455,3.509996185302734
5456,17.15999692440033
5457,15.949997800588608
5458,1.429997806549072
5459,15.039998545646668
5460,15.079998754262924
5461,2.209996566772461
5462,3.3499958992004393
5463,16.759997037649153
5464,3.8786255900295536
5465,16.19999740123749
5466,17.95999598264694
5467,1.1336957814382003
5468,11.549998754262921
5469,15.219998354911803
5470,16.23999740123749
5471,16.759996829032897
5472,3.769996900558471
5473,3.3699978065490717
5474,16.029997210502625
5475,14.819998944997787
5476,16.019997037649155
5477,15.179998354911804
5478,4.14700804373762
5479,16.259997401237488
5480,1.4250252292950658
5481,0.009998664855956694
5482,18.179995988607406
5483,17.259996751546858
5484,14.609998566508292
5485,15.68999837577343
5486,18.16999617934227
5487,17.429996733665465
5488,3.539996185302734
5489,1.7960949150528664
5490,16.849996733665467
5491,14.559998944997787
5492,14.549999326467514
5493,0.9999980926513636
5494,14.679998557567597
5495,3.5999963283538783
5496,15.449998164176941
5497,17.02999684691429
5498,16.259996840953825
5499,15.449998566508294
5500,18.099996182322503
5501,17.329996554851533
5502,2.091448787070495
5503,14.509999117851258
5504,14.739999135732651
5505,15.829997413158416
5506,14.37999930858612
5507,16.19999740123749
5508,15.679998182058334
5509,15.92999759197235
5510,0.9099979019165036
5511,15.639997973442078
5512,3.6246145174823985
5513,16.989996757507324
5514,13.800000089406968
5515,3.8498504587957014
5516,16.999996846914293
5517,-1.1920928990605262e-06
5518,18.099995988607407
5519,15.119998545646668
5520,1.8399974250793454
5521,-2.0000019073486364
5522,14.91999816417694
5523,2.3299982833862303
5524,16.319997210502624
5525,16.919996751546858
5526,1.169997520446777
5527,15.829997037649154
5528,13.749999141693115
5529,2.1899966144561764
5530,16.099997994303703
5531,16.98999693632126
5532,16.289997210502623
5533,14.929998944997788
5534,17.33999665915966
5535,16.079997800588608
5536,17.00999684691429
5537,3.9415798989124906
5538,15.27999856352806
5539,3.1799963283538815
5540,1.339998044967651
5541,16.54999722838402
5542,17.40999665915966
5543,2.4199968528747555
5544,14.71999874830246
5545,17.019996846914292
5546,18.14999617934227
5547,17.039996849894525
5548,15.299998757243156
5549,17.999995988607406
5550,14.28999930858612
5551,3.6599977111816404
5552,18.359995988607405
5553,1.6699971389770505
5554,17.36999665915966
5555,17.339996945261955
5556,4.65999760389328
5557,14.61999856352806
5558,16.56999701976776
5559,16.289997612833975
5560,13.509998545646667
5561,15.28999856352806
5562,15.279998354911804
5563,15.47999816417694
5564,13.610000071525574
5565,18.14999579191208
5566,14.889997401237487
5567,17.369996733665467
5568,17.369996554851532
5569,15.259998354911804
5570,14.849998736381531
5571,17.769996754527092
5572,4.0499983549118035
5573,2.509998569488525
5574,17.389996942281723
5575,17.959996161460875
5576,18.65999560713768
5577,14.419998557567595
5578,14.129999499320984
5579,1.8999969959259029
5580,16.009997413158416
5581,15.909997991323472
5582,15.069998754262924
5583,1.3999975204467738
5584,14.759998927116394
5585,17.93999598264694
5586,18.04999617934227
5587,2.5499966621398924
5588,15.789997991323471
5589,16.04999759197235
5590,14.479999135732651
5591,3.7299964714050287
5592,15.639997973442078
5593,17.009996936321258
5594,14.469999326467514
5595,15.299998375773429
5596,14.18999970793724
5597,18.569995797872544
5598,14.939998944997788
5599,17.959996161460875
5600,16.859996656179426
5601,15.47999816417694
5602,16.049997800588606
5603,15.67999837577343
5604,15.859997991323471
5605,2.3199973297119136
5606,1.476593828666406
5607,4.426638758399638
5608,2.32999828338623
5609,2.054544183052503
5610,15.839997037649153
5611,16.959996638298033
5612,1.4699973297119138
5613,14.909998944997788
5614,14.819998944997787
5615,15.049997973442077
5616,4.279996614456176
5617,13.889999898672103
5618,13.959999898672104
5619,14.759996656179426
5620,13.600000071525574
5621,13.989999690055848
5622,3.397396561685138
5623,3.9599977111816402
5624,15.119998754262925
5625,15.409998566508293
5626,4.885886826023455
5627,17.159996656179427
5628,14.869998944997787
5629,15.099998545646667
5630,15.639998182058335
5631,15.289998757243156
5632,16.219997609853746
5633,1.7774702500699509
5634,2.7799986171722413
5635,15.079998754262924
5636,15.719998182058335
5637,15.769997413158416
5638,14.87999873638153
5639,15.959997591972352
5640,1.6499971389770505
5641,2.909997234344482
5642,1.4396512903661378
5643,16.739996829032897
5644,16.259997210502625
5645,16.61999722838402
5646,17.189996745586395
5647,15.87999760389328
5648,3.842483361875406
5649,2.10999680519104
5650,15.469998182058335
5651,17.899996161460876
5652,17.409996942281722
5653,14.29999913573265
5654,15.329996638298033
5655,17.339996542930603
5656,15.449997985363007
5657,17.15999692440033
5658,3.1799960899353024
5659,1.978784939864875
5660,17.02999684691429
5661,16.199997609853746
5662,16.349997419118882
5663,15.289998757243156
5664,15.509998164176942
5665,17.78999635219574
5666,14.29999930858612
5667,14.459998375773429
5668,16.579997228384016
5669,14.199999707937241
5670,18.00999617934227
5671,15.729996733665464
5672,15.189997019767759
5673,16.209997401237487
5674,3.8399965190887446
5675,16.8199968290329
5676,2.789998378753662
5677,4.519995946884155
5678,17.079996745586396
5679,18.10999617934227
5680,15.339998563528061
5681,18.35999577999115
5682,3.339998939037323
5683,15.959997994303704
5684,14.69999913573265
5685,16.01999780058861
5686,14.93999816417694
5687,12.499999499320982
5688,16.249997609853743
5689,15.109997419118882
5690,15.389998372793197
5691,-1.450001764297489
5692,15.399997985363006
5693,14.14999970793724
5694,15.129998545646668
5695,1.8506539194764202
5696,17.069996656179427
5697,14.939998754262923
5698,3.7487696438387417
5699,16.459997612833977
5700,1.5817402105217138
5701,16.44999741911888
5702,1.9926833268831878
5703,14.909998754262924
5704,2.021225376427348
5705,16.409997210502624
5706,16.29999722838402
5707,14.929998944997788
5708,17.15999656677246
5709,5.025358280159822
5710,2.029996995925903
5711,1.7619176633052562
5712,17.179996745586394
5713,14.68999913573265
5714,16.42999701976776
5715,15.999997994303703
5716,18.84999520778656
5717,16.909996638298036
5718,16.039997222423555
5719,17.86999617934227
5720,3.1599991297721863
5721,3.4981488145305986
5722,15.079998754262924
5723,13.799999880790711
5724,14.56999952018261
5725,15.869997782707214
5726,2.549997615814209
5727,16.739996829032897
5728,15.119998372793198
5729,16.619997422099114
5730,17.729996173381807
5731,19.07999541938305
5732,1.7499968051910366
5733,16.179997401237486
5734,15.819997591972351
5735,14.409999117851257
5736,16.789996829032898
5737,0.2099984741210934
5738,15.539997413158416
5739,15.29999856352806
5740,14.789998944997787
5741,16.079997800588608
5742,15.519998372793198
5743,15.329998354911805
5744,14.339998950958252
5745,15.089998545646667
5746,1.4899989986419675
5747,17.369996733665467
5748,14.559999326467514
5749,15.449998164176941
5750,2.4499968051910366
5751,14.359999517202377
5752,12.909998182058333
5753,-1.3000028610229524
5754,16.289997609853746
5755,18.569995797872544
5756,18.849995416402816
5757,18.529995797872544
5758,2.949996757507324
5759,16.40999703168869
5760,14.349998944997788
5761,16.409997210502624
5762,13.999999898672105
5763,16.789997037649155
5764,17.12999694228172
5765,1.748852666399653
5766,17.409996733665466
5767,1.5954818750134658
5768,18.159995988607406
5769,0.5499972820281948
5770,14.059997991323469
5771,15.939997222423553
5772,10.229995228648184
5773,1.5975913133660544
5774,0.7099980926513669
5775,0.3799982833862301
5776,4.1399977588653565
5777,1.4999963283538784
5778,16.90999693632126
5779,15.319996161460875
5780,15.729997994303703
5781,15.359998566508294
5782,-1.9500005722045912
5783,18.69999560713768
5784,17.15999692440033
5785,4.284447926382399
5786,14.559999326467514
5787,17.97999637007713
5788,2.2399981403350817
5789,-0.34000042915344286
5790,4.006184556262571
5791,14.219998927116393
5792,15.839997782707215
5793,1.249997234344479
5794,2.969997234344482
5795,17.629996560811996
5796,18.16999617934227
5797,15.119998754262925
5798,1.199997186660763
5799,2.719996471405029
5800,4.257472272443231
5801,-0.23000114440918007
5802,0.13999866485595683
5803,15.649997794628144
5804,18.319995988607406
5805,17.21999665617943
5806,1.8292893672008017
5807,14.489999117851257
5808,16.879996846914292
5809,14.35999930858612
5810,14.409998182058333
5811,15.289998164176941
5812,14.529999117851258
5813,16.63999722838402
5814,16.54999722838402
5815,2.8899993205070493
5816,18.929995228648185
5817,0.14730142586082007
5818,14.96999816417694
5819,14.909998736381532
5820,14.37999930858612
5821,1.786870445976638
5822,16.21999740123749
5823,17.349996554851533
5824,18.48999579787254
5825,17.389996942281723
5826,15.82999759197235
5827,16.599996829032897
5828,1.102219743198387
5829,18.149996373057366
5830,-0.8400005722045902
5831,15.869997991323471
5832,15.569997973442078
5833,14.489997612833976
5834,2.199996757507321
5835,17.72999635219574
5836,1.209997520446777
5837,16.19999740123749
5838,16.689996936321258
5839,17.769996560811997
5840,16.7099968290329
5841,15.299997210502625
5842,1.7499968528747523
5843,16.63999722838402
5844,-6.350003528594973
5845,17.15999692440033
5846,17.769996560811997
5847,15.449998164176941
5848,5.09999703168869
5849,16.839997037649155
5850,15.18999856352806
5851,14.879998545646668
5852,15.649997973442078
5853,16.729996942281723
5854,15.669998182058334
5855,15.689997991323471
5856,17.839996370077134
5857,17.199996745586397
5858,3.2927322474648637
5859,15.659998182058334
5860,18.08999597072601
5861,3.855911415870697
5862,14.01999930858612
5863,18.54999599158764
5864,17.709996173381807
5865,15.869998185038567
5866,3.0679831766568206
5867,16.589997228384018
5868,16.589997228384018
5869,2.0727678819145012
5870,15.059998754262924
5871,1.079999141693115
5872,15.309998566508293
5873,17.409996942281722
5874,15.69999837577343
5875,13.529998927116393
5876,15.299998757243156
5877,17.529996173381804
5878,17.539996179342268
5879,15.019998566508292
5880,16.609996840953826
5881,16.36999741911888
5882,17.979996161460875
5883,15.13999780356884
5884,16.19999740123749
5885,18.829995416402816
5886,15.889997782707214
5887,0.20691350298261768
5888,4.196367054792333
5889,-1.3351440433240214e-06
5890,3.8199979496002197
5891,1.9999964237213101
5892,14.889998354911803
5893,2.1999991893768307
5894,-0.7900005722045902
5895,15.26999856352806
5896,16.82999723136425
5897,15.979997210502624
5898,16.659997037649156
5899,2.5999981403350825
5900,17.469996560811996
5901,15.679998182058334
5902,16.279997609853744
5903,3.5099979853630057
5904,3.16323963254873
5905,3.729996471405029
5906,15.079998372793197
5907,16.449997210502623
5908,15.329998563528061
5909,16.809997037649154
5910,0.14945692768514673
5911,14.319999517202378
5912,15.139998754262924
5913,15.869997991323471
5914,4.849996995925903
5915,14.75999913573265
5916,1.8865807899779496
5917,16.849997037649153
5918,0.14999847412109335
5919,17.939996370077132
5920,16.98999692440033
5921,18.16999617934227
5922,17.74999635219574
5923,15.87999760389328
5924,14.919998944997788
5925,2.3999967575073207
5926,15.50999759197235
5927,16.17999780356884
5928,16.949996846914292
5929,16.819996650218965
5930,0.9999969005584681
5931,17.44999635219574
5932,15.409997973442078
5933,1.0099977111816403
5934,-3.8000033378601095
5935,17.179996924400328
5936,2.5299971389770506
5937,2.3999967575073207
5938,3.3099985218048094
5939,16.929996846914293
5940,17.46999617934227
5941,13.529998927116393
5942,14.699998748302459
5943,2.3899980449676512
5944,15.759997991323472
5945,2.2930267720932713
5946,1.7680530992349357
5947,17.009996638298034
5948,0.8699981403350818
5949,16.549997019767762
5950,4.603778348362151
5951,15.809997591972351
5952,15.76999701976776
5953,-0.2500019550323522
5954,0.399997472763058
5955,3.1699965667724608
5956,-0.25000147819519397
5957,16.409997210502624
5958,16.069997591972353
5959,2.1499965667724608
5960,16.06999780058861
5961,17.139996656179427
5962,16.139997609853744
5963,17.749995589256287
5964,-0.15000238418579454
5965,4.623339141902609
5966,15.259998354911804
5967,18.569995797872544
5968,14.72999873638153
5969,14.69999873638153
5970,2.599996423721313
5971,0.6099980926513668
5972,17.539996364116668
5973,16.229997609853744
5974,16.45999741911888
5975,16.319997210502624
5976,15.399997800588608
5977,16.069997222423552
5978,17.999996370077135
5979,14.379999517202377
5980,14.69999913573265
5981,16.089997994303705
5982,17.18999692440033
5983,15.719998182058335
5984,17.78999635219574
5985,16.39999701976776
5986,14.569999117851257
5987,1.4308616733932749
5988,-0.21000114440918005
5989,0.3999977111816371
5990,15.149998754262924
5991,14.579999117851257
5992,17.369996733665467
5993,16.48999701976776
5994,15.529997973442077
5995,4.294639850820818
5996,16.359997228384017
5997,16.33999701976776
5998,2.0999966621398896
5999,-0.6100007629394535
6000,18.929995416402818
